Date,State,Negative,Positive,Total Samples
17-04-2020,Andaman and Nicobar Islands,1210,12,1403
24-04-2020,Andaman and Nicobar Islands,,27,2679
27-04-2020,Andaman and Nicobar Islands,,33,2848
01-05-2020,Andaman and Nicobar Islands,,33,3754
16-05-2020,Andaman and Nicobar Islands,,33,6677
19-05-2020,Andaman and Nicobar Islands,,33,6965
20-05-2020,Andaman and Nicobar Islands,,33,7082
21-05-2020,Andaman and Nicobar Islands,,33,7167
22-05-2020,Andaman and Nicobar Islands,,33,7263
23-05-2020,Andaman and Nicobar Islands,,33,7327
24-05-2020,Andaman and Nicobar Islands,,33,7327
25-05-2020,Andaman and Nicobar Islands,,33,7363
26-05-2020,Andaman and Nicobar Islands,,33,7448
27-05-2020,Andaman and Nicobar Islands,,33,7499
28-05-2020,Andaman and Nicobar Islands,,33,7519
29-05-2020,Andaman and Nicobar Islands,,33,7567
30-05-2020,Andaman and Nicobar Islands,,33,7567
31-05-2020,Andaman and Nicobar Islands,,33,7706
01-06-2020,Andaman and Nicobar Islands,,33,7805
02-06-2020,Andaman and Nicobar Islands,,33,8086
03-06-2020,Andaman and Nicobar Islands,,33,8295
04-06-2020,Andaman and Nicobar Islands,,33,8413
05-06-2020,Andaman and Nicobar Islands,,33,8694
06-06-2020,Andaman and Nicobar Islands,,33,9037
07-06-2020,Andaman and Nicobar Islands,,33,9242
08-06-2020,Andaman and Nicobar Islands,,33,9341
09-06-2020,Andaman and Nicobar Islands,,33,9859
10-06-2020,Andaman and Nicobar Islands,,35,10010
11-06-2020,Andaman and Nicobar Islands,,38,10226
12-06-2020,Andaman and Nicobar Islands,,38,10697
02-04-2020,Andhra Pradesh,1175,132,1800
10-04-2020,Andhra Pradesh,6009,365,6374
11-04-2020,Andhra Pradesh,6577,381,6958
12-04-2020,Andhra Pradesh,6553,405,6958
13-04-2020,Andhra Pradesh,8323,432,8755
14-04-2020,Andhra Pradesh,10032,473,10505
15-04-2020,Andhra Pradesh,11088,525,11613
16-04-2020,Andhra Pradesh,19701,534,20235
17-04-2020,Andhra Pradesh,,572,20235
18-04-2020,Andhra Pradesh,20487,603,21450
19-04-2020,Andhra Pradesh,26311,647,26958
20-04-2020,Andhra Pradesh,30011,722,30733
21-04-2020,Andhra Pradesh,34998,757,35755
22-04-2020,Andhra Pradesh,40699,813,41512
23-04-2020,Andhra Pradesh,47139,893,48032
24-04-2020,Andhra Pradesh,53383,955,54338
25-04-2020,Andhra Pradesh,60250,1016,61266
26-04-2020,Andhra Pradesh,66937,1097,68034
27-04-2020,Andhra Pradesh,73374,1177,74551
28-04-2020,Andhra Pradesh,79075,1259,80334
29-04-2020,Andhra Pradesh,86729,1332,88061
30-04-2020,Andhra Pradesh,93155,1403,94558
01-05-2020,Andhra Pradesh,100997,1463,102460
02-05-2020,Andhra Pradesh,106878,1525,108403
03-05-2020,Andhra Pradesh,113354,1583,114937
04-05-2020,Andhra Pradesh,123579,1650,125229
05-05-2020,Andhra Pradesh,131775,1717,133492
06-05-2020,Andhra Pradesh,139497,1777,141274
07-05-2020,Andhra Pradesh,147528,1833,149361
08-05-2020,Andhra Pradesh,154794,1887,156681
09-05-2020,Andhra Pradesh,163139,1930,165069
10-05-2020,Andhra Pradesh,171755,1980,173735
11-05-2020,Andhra Pradesh,179126,2018,181144
12-05-2020,Andhra Pradesh,189823,2051,191874
13-05-2020,Andhra Pradesh,199059,2137,201196
14-05-2020,Andhra Pradesh,208247,2100,210452
15-05-2020,Andhra Pradesh,217183,2157,219490
17-05-2020,Andhra Pradesh,236618,2230,238998
18-05-2020,Andhra Pradesh,246279,2282,248771
19-05-2020,Andhra Pradesh,255961,2339,258450
20-05-2020,Andhra Pradesh,265052,2407,267612
21-05-2020,Andhra Pradesh,273099,2452,275704
22-05-2020,Andhra Pradesh,281452,2514,284119
23-05-2020,Andhra Pradesh,290255,2561,292969
24-05-2020,Andhra Pradesh,301529,2627,304326
25-05-2020,Andhra Pradesh,311680,2671,314566
26-05-2020,Andhra Pradesh,319731,2719,322714
27-05-2020,Andhra Pradesh,329261,2787,332378
28-05-2020,Andhra Pradesh,338991,2841,342236
29-05-2020,Andhra Pradesh,350544,2874,353874
30-05-2020,Andhra Pradesh,359917,2944,363378
31-05-2020,Andhra Pradesh,369177,3045,372748
01-06-2020,Andhra Pradesh,379639,3118,383315
02-06-2020,Andhra Pradesh,391890,3200,395681
03-06-2020,Andhra Pradesh,399776,3279,403747
04-06-2020,Andhra Pradesh,409621,3377,413733
05-06-2020,Andhra Pradesh,419314,3427,423564
06-06-2020,Andhra Pradesh,431875,3588,436335
07-06-2020,Andhra Pradesh,449371,3718,454030
08-06-2020,Andhra Pradesh,463463,3843,468276
09-06-2020,Andhra Pradesh,478332,3990,483361
10-06-2020,Andhra Pradesh,493469,4126,498716
11-06-2020,Andhra Pradesh,504889,4261,510318
12-06-2020,Andhra Pradesh,516457,4402,522093
13-06-2020,Andhra Pradesh,530712,4588,536570
14-06-2020,Andhra Pradesh,546050,4841,552202
09-04-2020,Arunachal Pradesh,185,1,206
14-04-2020,Arunachal Pradesh,250,1,280
17-04-2020,Arunachal Pradesh,338,1,363
18-04-2020,Arunachal Pradesh,358,1,389
20-04-2020,Arunachal Pradesh,405,1,439
21-04-2020,Arunachal Pradesh,433,1,454
22-04-2020,Arunachal Pradesh,441,2,496
24-04-2020,Arunachal Pradesh,508,2,526
26-04-2020,Arunachal Pradesh,529,2,568
27-04-2020,Arunachal Pradesh,566,2,584
28-04-2020,Arunachal Pradesh,581,2,610
29-04-2020,Arunachal Pradesh,595,2,662
30-04-2020,Arunachal Pradesh,656,2,694
01-05-2020,Arunachal Pradesh,692,2,724
03-05-2020,Arunachal Pradesh,761,2,810
04-05-2020,Arunachal Pradesh,762,2,869
05-05-2020,Arunachal Pradesh,814,2,970
06-05-2020,Arunachal Pradesh,857,2,1039
07-05-2020,Arunachal Pradesh,952,2,1144
08-05-2020,Arunachal Pradesh,1015,2,1354
09-05-2020,Arunachal Pradesh,1266,2,1597
10-05-2020,Arunachal Pradesh,1363,2,1823
11-05-2020,Arunachal Pradesh,1538,2,2078
12-05-2020,Arunachal Pradesh,1798,2,2257
13-05-2020,Arunachal Pradesh,1902,2,2483
14-05-2020,Arunachal Pradesh,2233,2,2677
15-05-2020,Arunachal Pradesh,2546,2,2942
16-05-2020,Arunachal Pradesh,2861,2,3163
17-05-2020,Arunachal Pradesh,2966,2,3349
18-05-2020,Arunachal Pradesh,3166,2,3662
19-05-2020,Arunachal Pradesh,3392,2,3941
20-05-2020,Arunachal Pradesh,3710,2,4157
21-05-2020,Arunachal Pradesh,3963,2,4438
22-05-2020,Arunachal Pradesh,4211,2,4844
23-05-2020,Arunachal Pradesh,4340,2,5206
24-05-2020,Arunachal Pradesh,4552,2,5428
25-05-2020,Arunachal Pradesh,4941,2,5997
26-05-2020,Arunachal Pradesh,5083,2,6319
27-05-2020,Arunachal Pradesh,5405,2,6436
28-05-2020,Arunachal Pradesh,5677,3,6984
29-05-2020,Arunachal Pradesh,6268,3,7488
30-05-2020,Arunachal Pradesh,6675,4,8017
31-05-2020,Arunachal Pradesh,7012,4,8283
01-06-2020,Arunachal Pradesh,7528,22,8768
02-06-2020,Arunachal Pradesh,7806,28,9079
03-06-2020,Arunachal Pradesh,7927,38,9551
04-06-2020,Arunachal Pradesh,8552,43,10025
05-06-2020,Arunachal Pradesh,8877,46,10790
06-06-2020,Arunachal Pradesh,9350,49,11261
07-06-2020,Arunachal Pradesh,9921,51,11516
08-06-2020,Arunachal Pradesh,10376,57,12012
09-06-2020,Arunachal Pradesh,10642,57,12455
10-06-2020,Arunachal Pradesh,11420,61,13035
11-06-2020,Arunachal Pradesh,11754,67,13479
12-06-2020,Arunachal Pradesh,12119,87,14047
13-06-2020,Arunachal Pradesh,12817,88,14518
02-04-2020,Assam,819,16,962
10-04-2020,Assam,2685,29,2863
11-04-2020,Assam,2842,29,3011
12-04-2020,Assam,2973,29,3138
14-04-2020,Assam,3267,31,3491
15-04-2020,Assam,3492,32,3613
16-04-2020,Assam,3803,34,4108
17-04-2020,Assam,4024,34,4236
18-04-2020,Assam,4199,34,4400
19-04-2020,Assam,4584,34,4865
20-04-2020,Assam,4937,34,5112
21-04-2020,Assam,5245,34,5514
24-04-2020,Assam,6391,35,6680
25-04-2020,Assam,6781,35,7159
26-04-2020,Assam,7474,35,7823
27-04-2020,Assam,7985,35,8117
29-04-2020,Assam,8771,37,9520
02-05-2020,Assam,10499,42,11623
04-05-2020,Assam,11764,42,12775
05-05-2020,Assam,12533,43,13442
09-05-2020,Assam,15076,59,16167
10-05-2020,Assam,16236,62,18002
11-05-2020,Assam,17813,64,19589
12-05-2020,Assam,19211,64,21791
14-05-2020,Assam,23178,86,25824
15-05-2020,Assam,25431,86,28178
16-05-2020,Assam,28332,91,31276
17-05-2020,Assam,32035,97,34376
18-05-2020,Assam,35159,106,37898
19-05-2020,Assam,38138,141,41116
20-05-2020,Assam,42729,170,47084
21-05-2020,Assam,46442,203,51730
22-05-2020,Assam,50450,259,55791
23-05-2020,Assam,54185,329,60405
24-05-2020,Assam,58972,378,66444
25-05-2020,Assam,62244,526,70029
26-05-2020,Assam,66562,616,72654
29-05-2020,Assam,84933,1024,92390
30-05-2020,Assam,91248,1185,101257
31-05-2020,Assam,101006,1272,109097
02-06-2020,Assam,111229,1513,120375
03-06-2020,Assam,117650,1672,126726
04-06-2020,Assam,122618,1988,133029
06-06-2020,Assam,136154,2397,146605
07-06-2020,Assam,142192,2565,153326
09-06-2020,Assam,159760,2937,169842
11-06-2020,Assam,171070,3319,181108
12-06-2020,Assam,177989,3498,188090
05-04-2020,Bihar,2299,32,3037
08-04-2020,Bihar,,38,4596
09-04-2020,Bihar,,43,4991
10-04-2020,Bihar,,60,5457
11-04-2020,Bihar,,61,6250
12-04-2020,Bihar,,64,6703
13-04-2020,Bihar,,65,7263
14-04-2020,Bihar,,62,7727
15-04-2020,Bihar,,66,8263
16-04-2020,Bihar,,72,8846
17-04-2020,Bihar,,83,9486
18-04-2020,Bihar,,85,10130
19-04-2020,Bihar,,92,10745
20-04-2020,Bihar,,96,11319
21-04-2020,Bihar,,115,11999
22-04-2020,Bihar,,136,12978
23-04-2020,Bihar,,148,13785
24-04-2020,Bihar,,176,14924
25-04-2020,Bihar,,238,15885
26-04-2020,Bihar,,255,17041
27-04-2020,Bihar,,328,18179
28-04-2020,Bihar,,346,19790
29-04-2020,Bihar,,383,21180
30-04-2020,Bihar,,409,22672
01-05-2020,Bihar,,466,24118
02-05-2020,Bihar,,476,25724
03-05-2020,Bihar,,485,26951
04-05-2020,Bihar,,525,28345
05-05-2020,Bihar,,529,28791
06-05-2020,Bihar,,539,29328
07-05-2020,Bihar,,547,29841
08-05-2020,Bihar,,564,30320
09-05-2020,Bihar,,585,31552
10-05-2020,Bihar,,653,32670
11-05-2020,Bihar,,714,34662
12-05-2020,Bihar,,796,37430
13-05-2020,Bihar,,909,39149
14-05-2020,Bihar,,970,40782
15-05-2020,Bihar,,1010,42645
16-05-2020,Bihar,,1083,44340
17-05-2020,Bihar,,1193,45729
18-05-2020,Bihar,,1391,46996
19-05-2020,Bihar,,1495,50563
20-05-2020,Bihar,,1607,53361
21-05-2020,Bihar,,1881,55692
22-05-2020,Bihar,,2098,58481
23-05-2020,Bihar,,2344,61220
24-05-2020,Bihar,,2507,63741
27-05-2020,Bihar,,3010,68262
28-05-2020,Bihar,,3106,70275
29-05-2020,Bihar,,3276,72256
30-05-2020,Bihar,,3511,73929
31-05-2020,Bihar,,3692,75737
01-06-2020,Bihar,,3872,78090
02-06-2020,Bihar,,4049,81413
03-06-2020,Bihar,,4273,84729
04-06-2020,Bihar,,4420,88313
05-06-2020,Bihar,,4551,91903
06-06-2020,Bihar,,4745,95473
07-06-2020,Bihar,,4972,99108
08-06-2020,Bihar,,5176,102318
09-06-2020,Bihar,,5364,105588
10-06-2020,Bihar,,5583,109483
11-06-2020,Bihar,,5807,113225
12-06-2020,Bihar,,6043,116671
13-06-2020,Bihar,,6183,120086
14-06-2020,Bihar,,6355,123629
02-04-2020,Chandigarh,98,18,124
08-04-2020,Chandigarh,162,18,184
10-04-2020,Chandigarh,199,19,223
11-04-2020,Chandigarh,223,19,264
12-04-2020,Chandigarh,247,21,279
13-04-2020,Chandigarh,263,21,296
14-04-2020,Chandigarh,285,21,309
15-04-2020,Chandigarh,293,21,317
16-04-2020,Chandigarh,315,21,337
17-04-2020,Chandigarh,335,21,358
18-04-2020,Chandigarh,348,23,381
19-04-2020,Chandigarh,388,26,430
20-04-2020,Chandigarh,417,26,453
21-04-2020,Chandigarh,445,27,497
22-04-2020,Chandigarh,492,27,529
23-04-2020,Chandigarh,557,27,599
24-04-2020,Chandigarh,603,27,638
25-04-2020,Chandigarh,668,28,734
26-04-2020,Chandigarh,677,30,756
27-04-2020,Chandigarh,777,40,843
28-04-2020,Chandigarh,857,56,924
29-04-2020,Chandigarh,922,67,1012
30-04-2020,Chandigarh,1022,74,1147
01-05-2020,Chandigarh,1131,88,1252
02-05-2020,Chandigarh,1339,94,1462
03-05-2020,Chandigarh,1491,97,1616
04-05-2020,Chandigarh,1545,102,1678
05-05-2020,Chandigarh,1576,115,1713
06-05-2020,Chandigarh,1641,120,1785
07-05-2020,Chandigarh,1698,129,1845
08-05-2020,Chandigarh,1748,146,1913
09-05-2020,Chandigarh,1871,169,2055
10-05-2020,Chandigarh,1947,173,2142
11-05-2020,Chandigarh,1978,173,2177
12-05-2020,Chandigarh,2069,187,2276
13-05-2020,Chandigarh,2206,189,2420
14-05-2020,Chandigarh,2299,191,2505
15-05-2020,Chandigarh,2383,191,2586
16-05-2020,Chandigarh,2513,191,2718
17-05-2020,Chandigarh,2604,191,2812
18-05-2020,Chandigarh,2663,196,2892
19-05-2020,Chandigarh,2783,199,3031
21-05-2020,Chandigarh,3125,216,3369
22-05-2020,Chandigarh,3234,219,3531
23-05-2020,Chandigarh,3390,225,3749
24-05-2020,Chandigarh,3514,238,3904
25-05-2020,Chandigarh,3695,266,4089
26-05-2020,Chandigarh,3828,278,4207
27-05-2020,Chandigarh,3991,279,4332
28-05-2020,Chandigarh,4138,289,4467
29-05-2020,Chandigarh,4222,289,4543
30-05-2020,Chandigarh,4342,289,4654
31-05-2020,Chandigarh,4478,293,4785
01-06-2020,Chandigarh,4495,294,4816
02-06-2020,Chandigarh,4573,301,4902
03-06-2020,Chandigarh,4658,301,4977
04-06-2020,Chandigarh,4735,302,5059
05-06-2020,Chandigarh,4793,309,5121
06-06-2020,Chandigarh,4906,309,5237
07-06-2020,Chandigarh,4977,314,5312
08-06-2020,Chandigarh,5040,318,5385
10-06-2020,Chandigarh,5182,328,5532
11-06-2020,Chandigarh,5267,332,5636
12-06-2020,Chandigarh,5342,334,5708
13-06-2020,Chandigarh,5459,345,5839
14-06-2020,Chandigarh,5563,350,5937
02-04-2020,Chhattisgarh,921,9,1232
10-04-2020,Chhattisgarh,3322,18,3473
11-04-2020,Chhattisgarh,3503,18,3858
12-04-2020,Chhattisgarh,3856,31,3945
13-04-2020,Chhattisgarh,3969,31,4377
14-04-2020,Chhattisgarh,4319,33,4812
15-04-2020,Chhattisgarh,4878,33,5122
16-04-2020,Chhattisgarh,5168,33,5519
17-04-2020,Chhattisgarh,5484,36,5776
18-04-2020,Chhattisgarh,5484,36,5776
19-04-2020,Chhattisgarh,6086,36,6675
20-04-2020,Chhattisgarh,7029,36,7601
21-04-2020,Chhattisgarh,7555,36,8272
22-04-2020,Chhattisgarh,8296,36,9220
23-04-2020,Chhattisgarh,9206,36,10346
24-04-2020,Chhattisgarh,10213,36,11386
25-04-2020,Chhattisgarh,11168,37,12596
26-04-2020,Chhattisgarh,12406,37,13786
27-04-2020,Chhattisgarh,13882,37,14987
28-04-2020,Chhattisgarh,14953,38,15737
29-04-2020,Chhattisgarh,15658,38,16546
30-04-2020,Chhattisgarh,16602,40,17541
01-05-2020,Chhattisgarh,17199,43,18039
03-05-2020,Chhattisgarh,18848,57,19902
05-05-2020,Chhattisgarh,20300,58,21323
06-05-2020,Chhattisgarh,20873,59,22188
08-05-2020,Chhattisgarh,22509,59,23629
09-05-2020,Chhattisgarh,23326,59,24506
10-05-2020,Chhattisgarh,24186,59,25282
12-05-2020,Chhattisgarh,25741,59,27339
13-05-2020,Chhattisgarh,27012,59,28837
14-05-2020,Chhattisgarh,28234,59,29697
15-05-2020,Chhattisgarh,29812,66,31341
16-05-2020,Chhattisgarh,31275,67,32678
18-05-2020,Chhattisgarh,34656,93,36606
19-05-2020,Chhattisgarh,36586,100,39010
21-05-2020,Chhattisgarh,42618,128,45522
22-05-2020,Chhattisgarh,45022,172,48116
23-05-2020,Chhattisgarh,46894,214,49763
25-05-2020,Chhattisgarh,52598,292,55022
26-05-2020,Chhattisgarh,55539,360,57479
27-05-2020,Chhattisgarh,57283,364,59320
28-05-2020,Chhattisgarh,59585,398,61771
29-05-2020,Chhattisgarh,62983,415,63992
30-05-2020,Chhattisgarh,64762,447,66417
31-05-2020,Chhattisgarh,67268,492,69152
01-06-2020,Chhattisgarh,69361,539,70726
02-06-2020,Chhattisgarh,71218,556,73198
03-06-2020,Chhattisgarh,73706,626,76446
04-06-2020,Chhattisgarh,75519,756,78971
05-06-2020,Chhattisgarh,78134,863,81773
06-06-2020,Chhattisgarh,80477,923,85346
07-06-2020,Chhattisgarh,84344,1073,88896
08-06-2020,Chhattisgarh,86719,1160,92598
09-06-2020,Chhattisgarh,89914,1211,93059
10-06-2020,Chhattisgarh,92049,1262,94576
11-06-2020,Chhattisgarh,93903,1398,96230
12-06-2020,Chhattisgarh,95965,1429,98603
13-06-2020,Chhattisgarh,,1512,101554
14-06-2020,Chhattisgarh,,1549,103895
09-04-2020,Dadra and Nagar Haveli and Daman and Diu,80,0,80
10-04-2020,Dadra and Nagar Haveli and Daman and Diu,130,0,130
11-04-2020,Dadra and Nagar Haveli and Daman and Diu,211,0,211
15-04-2020,Dadra and Nagar Haveli and Daman and Diu,356,0,356
16-04-2020,Dadra and Nagar Haveli and Daman and Diu,382,0,382
21-04-2020,Dadra and Nagar Haveli and Daman and Diu,474,0,474
22-04-2020,Dadra and Nagar Haveli and Daman and Diu,674,0,674
23-04-2020,Dadra and Nagar Haveli and Daman and Diu,913,0,913
25-04-2020,Dadra and Nagar Haveli and Daman and Diu,1386,0,1386
26-04-2020,Dadra and Nagar Haveli and Daman and Diu,1901,0,1901
27-04-2020,Dadra and Nagar Haveli and Daman and Diu,2379,0,2379
29-04-2020,Dadra and Nagar Haveli and Daman and Diu,2921,0,2921
30-04-2020,Dadra and Nagar Haveli and Daman and Diu,3464,0,3464
01-05-2020,Dadra and Nagar Haveli and Daman and Diu,4003,0,4003
03-05-2020,Dadra and Nagar Haveli and Daman and Diu,4328,0,4328
04-05-2020,Dadra and Nagar Haveli and Daman and Diu,4434,0,4434
05-05-2020,Dadra and Nagar Haveli and Daman and Diu,4780,1,4781
06-05-2020,Dadra and Nagar Haveli and Daman and Diu,4966,1,4967
07-05-2020,Dadra and Nagar Haveli and Daman and Diu,5271,1,5272
08-05-2020,Dadra and Nagar Haveli and Daman and Diu,5429,1,5430
10-05-2020,Dadra and Nagar Haveli and Daman and Diu,5580,1,5581
11-05-2020,Dadra and Nagar Haveli and Daman and Diu,5762,1,5763
12-05-2020,Dadra and Nagar Haveli and Daman and Diu,5976,1,5977
13-05-2020,Dadra and Nagar Haveli and Daman and Diu,6293,1,6294
14-05-2020,Dadra and Nagar Haveli and Daman and Diu,6553,1,6554
15-05-2020,Dadra and Nagar Haveli and Daman and Diu,6915,1,6916
17-05-2020,Dadra and Nagar Haveli and Daman and Diu,7156,1,7157
18-05-2020,Dadra and Nagar Haveli and Daman and Diu,7570,1,7571
19-05-2020,Dadra and Nagar Haveli and Daman and Diu,7828,1,7829
20-05-2020,Dadra and Nagar Haveli and Daman and Diu,8136,1,8137
21-05-2020,Dadra and Nagar Haveli and Daman and Diu,8455,1,8456
22-05-2020,Dadra and Nagar Haveli and Daman and Diu,8978,1,8979
23-05-2020,Dadra and Nagar Haveli and Daman and Diu,9296,2,9298
24-05-2020,Dadra and Nagar Haveli and Daman and Diu,9676,2,9678
25-05-2020,Dadra and Nagar Haveli and Daman and Diu,10083,2,10085
26-05-2020,Dadra and Nagar Haveli and Daman and Diu,10386,2,10388
27-05-2020,Dadra and Nagar Haveli and Daman and Diu,10870,2,10872
28-05-2020,Dadra and Nagar Haveli and Daman and Diu,11175,2,11177
29-05-2020,Dadra and Nagar Haveli and Daman and Diu,11475,2,11477
01-06-2020,Dadra and Nagar Haveli and Daman and Diu,11690,3,11693
03-06-2020,Dadra and Nagar Haveli and Daman and Diu,12052,12,12064
04-06-2020,Dadra and Nagar Haveli and Daman and Diu,12361,14,12375
05-06-2020,Dadra and Nagar Haveli and Daman and Diu,13653,14,13667
06-06-2020,Dadra and Nagar Haveli and Daman and Diu,14761,19,14780
07-06-2020,Dadra and Nagar Haveli and Daman and Diu,14926,20,15546
08-06-2020,Dadra and Nagar Haveli and Daman and Diu,15655,22,16277
10-06-2020,Dadra and Nagar Haveli and Daman and Diu,16552,27,17179
13-06-2020,Dadra and Nagar Haveli and Daman and Diu,17021,28,17649
14-06-2020,Dadra and Nagar Haveli and Daman and Diu,17813,31,18445
01-04-2020,Delhi,,,2621
07-04-2020,Delhi,7308,576,9041
09-04-2020,Delhi,8643,720,9968
10-04-2020,Delhi,9662,903,11061
11-04-2020,Delhi,10218,1069,11709
12-04-2020,Delhi,11748,1154,14036
13-04-2020,Delhi,12283,1510,15032
14-04-2020,Delhi,13748,1561,16282
15-04-2020,Delhi,13865,1578,16605
16-04-2020,Delhi,14692,1640,18784
17-04-2020,Delhi,16899,1707,21409
18-04-2020,Delhi,17449,1893,22283
19-04-2020,Delhi,19393,2003,24387
20-04-2020,Delhi,20712,2081,25900
21-04-2020,Delhi,21810,2156,26627
22-04-2020,Delhi,22713,2248,28309
23-04-2020,Delhi,24538,2375,30560
24-04-2020,Delhi,26552,2514,33672
25-04-2020,Delhi,28693,2625,35519
26-04-2020,Delhi,31919,2918,37613
27-04-2020,Delhi,34145,3108,39911
28-04-2020,Delhi,36195,3314,43370
29-04-2020,Delhi,39920,3439,47225
02-05-2020,Delhi,,4122,58210
03-05-2020,Delhi,,4549,60246
04-05-2020,Delhi,,4898,64108
05-05-2020,Delhi,,5104,67852
06-05-2020,Delhi,,5532,71934
07-05-2020,Delhi,,5980,77234
08-05-2020,Delhi,,6318,81367
09-05-2020,Delhi,,6542,84226
10-05-2020,Delhi,,6923,93810
11-05-2020,Delhi,,7233,97678
12-05-2020,Delhi,,7639,106109
13-05-2020,Delhi,,7998,113345
14-05-2020,Delhi,,8470,119736
15-05-2020,Delhi,,8895,125189
16-05-2020,Delhi,,9333,130845
17-05-2020,Delhi,,9755,135791
18-05-2020,Delhi,,10054,139727
19-05-2020,Delhi,,10554,145854
20-05-2020,Delhi,,11088,150282
21-05-2020,Delhi,,11659,154385
22-05-2020,Delhi,,12319,160255
23-05-2020,Delhi,,12910,165047
24-05-2020,Delhi,,13418,169873
25-05-2020,Delhi,,14053,174469
26-05-2020,Delhi,,14465,178579
27-05-2020,Delhi,,15257,184362
28-05-2020,Delhi,,16281,191977
29-05-2020,Delhi,,17386,199626
30-05-2020,Delhi,,18549,206739
31-05-2020,Delhi,,19844,212784
01-06-2020,Delhi,,20834,217537
02-06-2020,Delhi,,22132,223607
03-06-2020,Delhi,,23645,230145
04-06-2020,Delhi,,25004,236506
05-06-2020,Delhi,,26334,241693
06-06-2020,Delhi,,27654,246873
07-06-2020,Delhi,,28936,251915
08-06-2020,Delhi,,29943,255615
09-06-2020,Delhi,,31309,261079
10-06-2020,Delhi,,32810,266156
11-06-2020,Delhi,,34687,271516
12-06-2020,Delhi,,36824,277463
13-06-2020,Delhi,,38958,283239
14-06-2020,Delhi,,41182,290592
02-04-2020,Goa,197,5,220
09-04-2020,Goa,,7,344
10-04-2020,Goa,,7,354
12-04-2020,Goa,,7,406
13-04-2020,Goa,,7,440
14-04-2020,Goa,,7,479
15-04-2020,Goa,,7,556
16-04-2020,Goa,,7,611
17-04-2020,Goa,,7,673
18-04-2020,Goa,,7,758
19-04-2020,Goa,,7,826
20-04-2020,Goa,,7,901
21-04-2020,Goa,,7,1004
22-04-2020,Goa,,7,1116
23-04-2020,Goa,,7,1206
27-04-2020,Goa,,7,1541
28-04-2020,Goa,,7,1776
29-04-2020,Goa,,7,1871
30-04-2020,Goa,,7,2031
01-05-2020,Goa,,7,2181
02-05-2020,Goa,,7,2372
03-05-2020,Goa,,7,2548
04-05-2020,Goa,,7,2899
05-05-2020,Goa,,7,3096
06-05-2020,Goa,,7,3411
08-05-2020,Goa,,7,4140
09-05-2020,Goa,,7,4524
10-05-2020,Goa,,7,4848
11-05-2020,Goa,,7,5307
14-05-2020,Goa,,7,6736
15-05-2020,Goa,,7,7304
16-05-2020,Goa,,20,8011
17-05-2020,Goa,,29,8785
18-05-2020,Goa,,29,8785
19-05-2020,Goa,,46,9549
20-05-2020,Goa,,50,10136
21-05-2020,Goa,,52,10859
22-05-2020,Goa,,54,11362
23-05-2020,Goa,,55,11945
24-05-2020,Goa,,66,12499
25-05-2020,Goa,,67,12860
26-05-2020,Goa,,67,13303
27-05-2020,Goa,,68,13911
28-05-2020,Goa,,69,14782
29-05-2020,Goa,,69,16141
30-05-2020,Goa,,70,17871
31-05-2020,Goa,,71,19491
01-06-2020,Goa,,73,20780
02-06-2020,Goa,,79,22378
03-06-2020,Goa,,126,23816
04-06-2020,Goa,,166,25300
05-06-2020,Goa,,196,26208
06-06-2020,Goa,,267,27402
07-06-2020,Goa,,300,29739
08-06-2020,Goa,,330,31455
09-06-2020,Goa,,359,32194
10-06-2020,Goa,,387,35332
11-06-2020,Goa,,417,37858
12-06-2020,Goa,,463,39298
13-06-2020,Goa,,523,40723
14-06-2020,Goa,,564,41835
08-04-2020,Gujarat,3905,186,4224
10-04-2020,Gujarat,7237,378,7718
11-04-2020,Gujarat,8888,468,9763
12-04-2020,Gujarat,10867,516,11715
13-04-2020,Gujarat,12970,572,14251
14-04-2020,Gujarat,14363,617,14980
15-04-2020,Gujarat,18431,766,19197
16-04-2020,Gujarat,19974,929,20903
17-04-2020,Gujarat,22339,1099,23483
18-04-2020,Gujarat,24726,1376,26102
19-04-2020,Gujarat,27361,1743,29104
20-04-2020,Gujarat,31377,1939,33316
21-04-2020,Gujarat,34651,2178,36829
22-04-2020,Gujarat,37014,2407,39421
23-04-2020,Gujarat,39760,2624,42384
24-04-2020,Gujarat,41007,2815,46743
25-04-2020,Gujarat,45254,3061,48315
26-04-2020,Gujarat,47790,3301,51091
27-04-2020,Gujarat,50028,3547,53575
28-04-2020,Gujarat,52327,3774,56101
29-04-2020,Gujarat,55406,4082,59488
30-04-2020,Gujarat,59612,4395,64007
01-05-2020,Gujarat,64053,4721,68774
02-05-2020,Gujarat,69062,5054,74116
03-05-2020,Gujarat,74632,5428,80060
04-05-2020,Gujarat,78844,5804,84648
05-05-2020,Gujarat,83387,6245,89632
06-05-2020,Gujarat,88566,6625,95191
07-05-2020,Gujarat,93540,7013,100553
08-05-2020,Gujarat,97984,7403,105386
09-05-2020,Gujarat,101853,7797,109650
10-05-2020,Gujarat,105298,8195,113493
11-05-2020,Gujarat,107929,8541,116470
12-05-2020,Gujarat,110633,8903,119536
13-05-2020,Gujarat,113029,9268,122297
14-05-2020,Gujarat,115117,9591,124708
15-05-2020,Gujarat,117927,9932,127859
16-05-2020,Gujarat,127418,10989,138407
17-05-2020,Gujarat,132220,11380,143600
18-05-2020,Gujarat,137078,11746,148824
19-05-2020,Gujarat,142533,12141,154674
20-05-2020,Gujarat,148233,12539,160772
21-05-2020,Gujarat,153242,12910,166152
22-05-2020,Gujarat,159289,13273,172562
23-05-2020,Gujarat,164399,13669,178068
24-05-2020,Gujarat,168806,14056,182868
25-05-2020,Gujarat,171893,14468,186361
26-05-2020,Gujarat,,14821,189313
27-05-2020,Gujarat,,15203,193863
28-05-2020,Gujarat,,15572,198048
29-05-2020,Gujarat,,15944,201481
30-05-2020,Gujarat,,16356,205780
31-05-2020,Gujarat,,16794,211930
01-06-2020,Gujarat,,17217,216258
02-06-2020,Gujarat,,17632,221610
03-06-2020,Gujarat,,18117,227898
04-06-2020,Gujarat,,18609,233921
05-06-2020,Gujarat,,19119,239911
06-06-2020,Gujarat,,19617,245606
07-06-2020,Gujarat,,20097,251686
08-06-2020,Gujarat,,20574,256289
09-06-2020,Gujarat,,21044,261587
10-06-2020,Gujarat,,21554,266404
11-06-2020,Gujarat,,22067,272924
12-06-2020,Gujarat,,22562,278137
13-06-2020,Gujarat,,23079,283623
14-06-2020,Gujarat,,23590,288565
03-04-2020,Haryana,938,44,1325
07-04-2020,Haryana,1821,141,2520
08-04-2020,Haryana,1885,153,2650
09-04-2020,Haryana,2017,156,2964
10-04-2020,Haryana,2447,162,3527
11-04-2020,Haryana,2472,165,3663
12-04-2020,Haryana,2513,181,3903
13-04-2020,Haryana,2961,182,4489
14-04-2020,Haryana,3681,184,5210
15-04-2020,Haryana,5581,190,7388
16-04-2020,Haryana,6465,214,8064
17-04-2020,Haryana,7148,223,8884
18-04-2020,Haryana,8093,232,10454
19-04-2020,Haryana,10230,250,12687
20-04-2020,Haryana,11523,251,13894
21-04-2020,Haryana,12253,255,14562
22-04-2020,Haryana,13397,264,15561
23-04-2020,Haryana,15452,270,17582
24-04-2020,Haryana,16642,275,18845
25-04-2020,Haryana,17787,287,20270
26-04-2020,Haryana,19241,296,21467
27-04-2020,Haryana,20702,301,22993
28-04-2020,Haryana,22578,308,24826
29-04-2020,Haryana,24071,311,26148
30-04-2020,Haryana,25929,339,28202
01-05-2020,Haryana,27784,357,30191
02-05-2020,Haryana,28867,369,31200
03-05-2020,Haryana,32583,442,35278
04-05-2020,Haryana,34501,517,38183
05-05-2020,Haryana,36806,548,40982
06-05-2020,Haryana,38590,594,43279
07-05-2020,Haryana,41861,625,46495
08-05-2020,Haryana,43974,647,49746
09-05-2020,Haryana,48468,675,53282
10-05-2020,Haryana,51046,703,56983
11-05-2020,Haryana,53697,730,59735
12-05-2020,Haryana,56440,780,62377
13-05-2020,Haryana,59890,793,65785
14-05-2020,Haryana,63791,818,69191
15-05-2020,Haryana,66687,854,72326
16-05-2020,Haryana,69660,887,75097
17-05-2020,Haryana,72494,910,78029
18-05-2020,Haryana,75045,928,80698
19-05-2020,Haryana,77296,964,82544
20-05-2020,Haryana,78379,970,83944
21-05-2020,Haryana,82372,1031,88138
22-05-2020,Haryana,85317,1067,91119
23-05-2020,Haryana,88051,1131,94035
24-05-2020,Haryana,91138,1184,97006
25-05-2020,Haryana,94725,1213,99987
26-05-2020,Haryana,97350,1305,102018
27-05-2020,Haryana,99555,1381,104747
28-05-2020,Haryana,102260,1504,108031
29-05-2020,Haryana,105169,1721,110940
30-05-2020,Haryana,108385,1923,114683
31-05-2020,Haryana,11709,2091,118138
01-06-2020,Haryana,114792,2356,121779
02-06-2020,Haryana,117340,2652,124564
03-06-2020,Haryana,120393,2954,127895
04-06-2020,Haryana,124769,3281,132575
05-06-2020,Haryana,129027,3597,137452
06-06-2020,Haryana,132684,3952,141688
07-06-2020,Haryana,136555,4448,145722
08-06-2020,Haryana,140081,4854,150220
09-06-2020,Haryana,143513,5209,153692
10-06-2020,Haryana,147453,5438,158470
11-06-2020,Haryana,151060,5968,162967
12-06-2020,Haryana,155395,6334,167501
13-06-2020,Haryana,159333,6749,171560
14-06-2020,Haryana,172678,7208,185722
10-04-2020,Himachal Pradesh,870,30,900
11-04-2020,Himachal Pradesh,870,30,900
12-04-2020,Himachal Pradesh,944,32,1113
13-04-2020,Himachal Pradesh,1109,32,1210
14-04-2020,Himachal Pradesh,1232,32,1311
15-04-2020,Himachal Pradesh,1391,35,1426
16-04-2020,Himachal Pradesh,1559,35,1604
17-04-2020,Himachal Pradesh,1740,36,1992
18-04-2020,Himachal Pradesh,2091,39,2207
19-04-2020,Himachal Pradesh,2337,39,2553
20-04-2020,Himachal Pradesh,2714,39,2892
21-04-2020,Himachal Pradesh,2933,39,3341
22-04-2020,Himachal Pradesh,3510,39,3700
23-04-2020,Himachal Pradesh,3943,40,4020
24-04-2020,Himachal Pradesh,4160,40,4328
25-04-2020,Himachal Pradesh,4363,40,4623
26-04-2020,Himachal Pradesh,4794,40,4901
27-04-2020,Himachal Pradesh,5022,40,5106
28-04-2020,Himachal Pradesh,5344,40,5391
29-04-2020,Himachal Pradesh,5726,40,5772
30-04-2020,Himachal Pradesh,6091,40,6133
01-05-2020,Himachal Pradesh,6432,40,6472
02-05-2020,Himachal Pradesh,6791,40,6836
03-05-2020,Himachal Pradesh,7133,40,7185
04-05-2020,Himachal Pradesh,7320,41,7430
05-05-2020,Himachal Pradesh,7800,42,7893
06-05-2020,Himachal Pradesh,8055,43,8491
07-05-2020,Himachal Pradesh,8833,46,9005
08-05-2020,Himachal Pradesh,9434,50,9522
09-05-2020,Himachal Pradesh,10047,52,10208
10-05-2020,Himachal Pradesh,10343,55,10791
11-05-2020,Himachal Pradesh,11016,59,11267
12-05-2020,Himachal Pradesh,11846,66,12224
13-05-2020,Himachal Pradesh,12867,67,13190
14-05-2020,Himachal Pradesh,13307,70,14256
15-05-2020,Himachal Pradesh,15076,76,15557
16-05-2020,Himachal Pradesh,16079,78,16534
17-05-2020,Himachal Pradesh,17049,80,17417
18-05-2020,Himachal Pradesh,17946,90,18224
19-05-2020,Himachal Pradesh,18994,92,19645
20-05-2020,Himachal Pradesh,20449,110,21147
21-05-2020,Himachal Pradesh,21812,152,22641
22-05-2020,Himachal Pradesh,23307,168,24246
23-05-2020,Himachal Pradesh,24625,185,25905
24-05-2020,Himachal Pradesh,26524,203,27288
25-05-2020,Himachal Pradesh,27596,223,28346
26-05-2020,Himachal Pradesh,28989,247,29379
27-05-2020,Himachal Pradesh,30019,273,30852
28-05-2020,Himachal Pradesh,31655,281,32449
29-05-2020,Himachal Pradesh,33486,295,33979
30-05-2020,Himachal Pradesh,34933,313,35668
31-05-2020,Himachal Pradesh,36618,331,37168
01-06-2020,Himachal Pradesh,37233,340,37897
02-06-2020,Himachal Pradesh,38993,345,39620
03-06-2020,Himachal Pradesh,40621,359,41351
04-06-2020,Himachal Pradesh,42081,383,42703
05-06-2020,Himachal Pradesh,43149,393,43688
06-06-2020,Himachal Pradesh,43942,400,44509
07-06-2020,Himachal Pradesh,45254,411,45888
08-06-2020,Himachal Pradesh,45956,421,46416
09-06-2020,Himachal Pradesh,46541,437,47655
10-06-2020,Himachal Pradesh,48123,451,48922
11-06-2020,Himachal Pradesh,49465,470,50222
12-06-2020,Himachal Pradesh,50793,486,51420
13-06-2020,Himachal Pradesh,51106,493,52737
14-06-2020,Himachal Pradesh,53301,518,53946
05-04-2020,Jammu and Kashmir,1429,106,1551
10-04-2020,Jammu and Kashmir,2754,207,2961
11-04-2020,Jammu and Kashmir,2982,224,3206
12-04-2020,Jammu and Kashmir,3355,245,3600
13-04-2020,Jammu and Kashmir,3795,270,4065
14-04-2020,Jammu and Kashmir,4341,278,4619
15-04-2020,Jammu and Kashmir,4871,300,5171
16-04-2020,Jammu and Kashmir,5366,314,5680
17-04-2020,Jammu and Kashmir,6110,328,6438
18-04-2020,Jammu and Kashmir,6596,341,6937
19-04-2020,Jammu and Kashmir,7545,350,7895
20-04-2020,Jammu and Kashmir,8244,368,8612
21-04-2020,Jammu and Kashmir,8840,380,9220
22-04-2020,Jammu and Kashmir,9632,407,10039
23-04-2020,Jammu and Kashmir,10550,427,10977
24-04-2020,Jammu and Kashmir,11310,454,11764
25-04-2020,Jammu and Kashmir,12341,494,12835
26-04-2020,Jammu and Kashmir,13436,523,13959
27-04-2020,Jammu and Kashmir,14442,546,14988
28-04-2020,Jammu and Kashmir,16054,565,16619
29-04-2020,Jammu and Kashmir,17869,581,18450
30-04-2020,Jammu and Kashmir,19132,614,19746
01-05-2020,Jammu and Kashmir,21056,639,21695
02-05-2020,Jammu and Kashmir,22794,666,23406
03-05-2020,Jammu and Kashmir,25337,701,26038
04-05-2020,Jammu and Kashmir,27473,726,28199
05-05-2020,Jammu and Kashmir,30571,741,31312
06-05-2020,Jammu and Kashmir,33502,775,34277
07-05-2020,Jammu and Kashmir,36913,793,37706
08-05-2020,Jammu and Kashmir,41604,823,42427
09-05-2020,Jammu and Kashmir,43917,836,44753
10-05-2020,Jammu and Kashmir,46291,861,47080
11-05-2020,Jammu and Kashmir,50455,879,51334
12-05-2020,Jammu and Kashmir,52792,934,53726
13-05-2020,Jammu and Kashmir,56140,971,57111
14-05-2020,Jammu and Kashmir,62532,983,63515
15-05-2020,Jammu and Kashmir,69293,1013,70306
16-05-2020,Jammu and Kashmir,75070,1121,76191
17-05-2020,Jammu and Kashmir,79751,1183,80934
18-05-2020,Jammu and Kashmir,87312,1289,88601
19-05-2020,Jammu and Kashmir,95509,1317,96826
20-05-2020,Jammu and Kashmir,100560,1390,101950
21-05-2020,Jammu and Kashmir,105659,1449,107108
22-05-2020,Jammu and Kashmir,113370,1489,114859
23-05-2020,Jammu and Kashmir,122505,1569,124074
24-05-2020,Jammu and Kashmir,128812,1621,130433
25-05-2020,Jammu and Kashmir,132520,1668,134188
26-05-2020,Jammu and Kashmir,139203,1759,140962
27-05-2020,Jammu and Kashmir,143241,1921,145162
28-05-2020,Jammu and Kashmir,151486,2036,153522
29-05-2020,Jammu and Kashmir,156565,2164,158729
30-05-2020,Jammu and Kashmir,162240,2341,164581
31-05-2020,Jammu and Kashmir,168599,2446,171045
01-06-2020,Jammu and Kashmir,173708,2601,176309
02-06-2020,Jammu and Kashmir,180349,2718,183067
03-06-2020,Jammu and Kashmir,186507,2857,189364
04-06-2020,Jammu and Kashmir,192535,3142,195677
05-06-2020,Jammu and Kashmir,198933,3324,202257
06-06-2020,Jammu and Kashmir,208413,3467,211880
07-06-2020,Jammu and Kashmir,214394,4087,218481
08-06-2020,Jammu and Kashmir,223621,4285,227906
09-06-2020,Jammu and Kashmir,231470,4346,235816
10-06-2020,Jammu and Kashmir,237384,4507,241891
11-06-2020,Jammu and Kashmir,242693,4574,247267
12-06-2020,Jammu and Kashmir,249329,4730,254059
13-06-2020,Jammu and Kashmir,255220,4878,260098
14-06-2020,Jammu and Kashmir,261122,5041,266163
10-04-2020,Jharkhand,1326,14,1340
11-04-2020,Jharkhand,1529,17,1546
12-04-2020,Jharkhand,1666,17,1683
13-04-2020,Jharkhand,1963,19,1982
14-04-2020,Jharkhand,2307,27,2334
17-04-2020,Jharkhand,3111,32,3143
18-04-2020,Jharkhand,3398,33,3431
19-04-2020,Jharkhand,3608,38,3646
20-04-2020,Jharkhand,4190,45,4235
22-04-2020,Jharkhand,5127,49,5176
23-04-2020,Jharkhand,5327,53,5380
24-04-2020,Jharkhand,6105,57,6162
25-04-2020,Jharkhand,6903,67,6970
26-04-2020,Jharkhand,7724,82,7806
27-04-2020,Jharkhand,8654,103,8757
28-04-2020,Jharkhand,9303,105,9408
29-04-2020,Jharkhand,10161,107,10268
30-04-2020,Jharkhand,10878,109,10987
01-05-2020,Jharkhand,11658,113,11771
02-05-2020,Jharkhand,12278,115,12393
03-05-2020,Jharkhand,12940,115,13055
04-05-2020,Jharkhand,13717,115,13832
05-05-2020,Jharkhand,14939,125,15064
06-05-2020,Jharkhand,15799,127,15908
07-05-2020,Jharkhand,16969,132,17101
08-05-2020,Jharkhand,17087,132,17219
09-05-2020,Jharkhand,18478,154,18632
10-05-2020,Jharkhand,20675,157,20832
11-05-2020,Jharkhand,21041,160,21201
12-05-2020,Jharkhand,22651,164,22815
13-05-2020,Jharkhand,25592,177,25769
14-05-2020,Jharkhand,27592,197,27789
15-05-2020,Jharkhand,29025,211,29236
16-05-2020,Jharkhand,30808,217,31025
17-05-2020,Jharkhand,32997,223,33220
18-05-2020,Jharkhand,35131,228,35359
19-05-2020,Jharkhand,37341,248,37589
20-05-2020,Jharkhand,39121,281,39402
21-05-2020,Jharkhand,41633,303,41936
22-05-2020,Jharkhand,43665,323,43988
23-05-2020,Jharkhand,45435,350,45785
24-05-2020,Jharkhand,48271,370,48641
25-05-2020,Jharkhand,50304,405,50709
26-05-2020,Jharkhand,52883,426,53309
27-05-2020,Jharkhand,54969,458,55427
28-05-2020,Jharkhand,56781,469,57250
29-05-2020,Jharkhand,58931,521,59452
30-05-2020,Jharkhand,62353,563,62916
31-05-2020,Jharkhand,65256,610,65886
01-06-2020,Jharkhand,68526,661,69187
02-06-2020,Jharkhand,70584,712,71296
03-06-2020,Jharkhand,73735,764,74499
04-06-2020,Jharkhand,76814,827,77641
05-06-2020,Jharkhand,79175,922,80097
06-06-2020,Jharkhand,83416,1028,84444
07-06-2020,Jharkhand,86618,1103,87721
08-06-2020,Jharkhand,91035,1290,92325
09-06-2020,Jharkhand,93683,1416,95099
10-06-2020,Jharkhand,94077,1423,95500
11-06-2020,Jharkhand,98332,1599,99931
12-06-2020,Jharkhand,100436,1656,102092
13-06-2020,Jharkhand,102194,1711,103905
03-04-2020,Karnataka,4281,128,4587
07-04-2020,Karnataka,5942,175,6580
08-04-2020,Karnataka,6473,181,6967
09-04-2020,Karnataka,7176,197,7613
10-04-2020,Karnataka,7673,207,7975
11-04-2020,Karnataka,8231,215,8560
12-04-2020,Karnataka,8831,232,9251
13-04-2020,Karnataka,9572,247,10017
14-04-2020,Karnataka,10554,260,11107
15-04-2020,Karnataka,11905,279,12483
16-04-2020,Karnataka,13074,315,13724
17-04-2020,Karnataka,14606,359,17594
18-04-2020,Karnataka,15658,384,19186
19-04-2020,Karnataka,17662,390,21367
20-04-2020,Karnataka,19497,408,23460
21-04-2020,Karnataka,22222,418,26233
22-04-2020,Karnataka,25424,427,29512
23-04-2020,Karnataka,28174,445,32122
24-04-2020,Karnataka,31914,474,35958
25-04-2020,Karnataka,34888,500,39083
26-04-2020,Karnataka,38207,503,42964
27-04-2020,Karnataka,43791,512,45685
28-04-2020,Karnataka,48508,523,50512
29-04-2020,Karnataka,53241,535,55404
30-04-2020,Karnataka,57548,565,60156
01-05-2020,Karnataka,61855,589,64898
02-05-2020,Karnataka,66475,601,69730
03-05-2020,Karnataka,70998,614,74898
04-05-2020,Karnataka,74664,651,79193
05-05-2020,Karnataka,78860,673,83806
06-05-2020,Karnataka,83056,693,88777
07-05-2020,Karnataka,87756,705,93535
08-05-2020,Karnataka,92237,753,98081
09-05-2020,Karnataka,97326,794,103098
10-05-2020,Karnataka,102266,848,107311
11-05-2020,Karnataka,106467,862,111595
12-05-2020,Karnataka,111264,925,116533
13-05-2020,Karnataka,119420,959,121178
14-05-2020,Karnataka,126766,987,128373
15-05-2020,Karnataka,132074,1056,133724
16-05-2020,Karnataka,138216,1092,140024
17-05-2020,Karnataka,143444,1147,145398
18-05-2020,Karnataka,149566,1246,151663
19-05-2020,Karnataka,156247,1395,158599
20-05-2020,Karnataka,164199,1462,166781
21-05-2020,Karnataka,171484,1605,174297
22-05-2020,Karnataka,183088,1743,186526
23-05-2020,Karnataka,192127,1959,196196
24-05-2020,Karnataka,201978,2089,206313
25-05-2020,Karnataka,215308,2182,219894
26-05-2020,Karnataka,223477,2283,228914
27-05-2020,Karnataka,235876,2418,241608
28-05-2020,Karnataka,246115,2533,252078
29-05-2020,Karnataka,258130,2781,264489
30-05-2020,Karnataka,273404,2922,280217
31-05-2020,Karnataka,286245,3221,293575
01-06-2020,Karnataka,297052,3408,304816
02-06-2020,Karnataka,310967,3796,319628
03-06-2020,Karnataka,325686,4063,334825
04-06-2020,Karnataka,337154,4320,347093
05-06-2020,Karnataka,349951,4835,360720
06-06-2020,Karnataka,361382,5213,372582
07-06-2020,Karnataka,372399,5452,384442
08-06-2020,Karnataka,380630,5760,393221
09-06-2020,Karnataka,387027,5921,400257
10-06-2020,Karnataka,394603,6041,408506
11-06-2020,Karnataka,402105,6245,416506
12-06-2020,Karnataka,411244,6516,426341
13-06-2020,Karnataka,420773,6824,436518
14-06-2020,Karnataka,427608,7000,443969
01-04-2020,Kerala,7256,265,7965
02-04-2020,Kerala,7622,286,8456
03-04-2020,Kerala,8126,295,9139
04-04-2020,Kerala,8586,306,9744
05-04-2020,Kerala,9300,314,10221
06-04-2020,Kerala,9607,327,10716
07-04-2020,Kerala,10250,336,11232
08-04-2020,Kerala,10906,354,11986
09-04-2020,Kerala,11469,357,12710
10-04-2020,Kerala,12335,364,13339
11-04-2020,Kerala,12818,373,14163
12-04-2020,Kerala,13802,375,14989
13-04-2020,Kerala,14829,378,15683
14-04-2020,Kerala,15488,386,16235
15-04-2020,Kerala,16002,387,16475
16-04-2020,Kerala,16459,394,17400
17-04-2020,Kerala,17279,395,18029
18-04-2020,Kerala,17763,399,18774
19-04-2020,Kerala,18547,401,19351
20-04-2020,Kerala,19074,408,19756
21-04-2020,Kerala,19442,426,20252
22-04-2020,Kerala,19998,437,20821
23-04-2020,Kerala,20326,447,21334
24-04-2020,Kerala,20830,450,21940
25-04-2020,Kerala,21475,457,22360
26-04-2020,Kerala,21997,468,22954
27-04-2020,Kerala,23148,481,24146
28-04-2020,Kerala,24078,485,24855
29-04-2020,Kerala,24681,495,25827
30-04-2020,Kerala,26032,497,27481
01-05-2020,Kerala,27224,497,29012
02-05-2020,Kerala,31592,499,33276
03-05-2020,Kerala,33294,499,34608
04-05-2020,Kerala,34161,499,35441
05-05-2020,Kerala,35244,502,36312
06-05-2020,Kerala,36210,502,37546
07-05-2020,Kerala,36856,502,38206
08-05-2020,Kerala,38294,503,39266
09-05-2020,Kerala,39233,505,40123
10-05-2020,Kerala,40155,512,41279
11-05-2020,Kerala,40889,512,41700
12-05-2020,Kerala,41621,524,42461
13-05-2020,Kerala,42574,534,43648
14-05-2020,Kerala,43868,560,45039
15-05-2020,Kerala,45063,576,46831
16-05-2020,Kerala,46458,587,48433
17-05-2020,Kerala,47964,601,50036
18-05-2020,Kerala,49763,630,51059
19-05-2020,Kerala,50867,642,52588
20-05-2020,Kerala,52689,666,54633
21-05-2020,Kerala,54541,690,56373
22-05-2020,Kerala,56165,733,58382
23-05-2020,Kerala,58192,795,60443
24-05-2020,Kerala,59943,848,61900
25-05-2020,Kerala,61698,897,63009
26-05-2020,Kerala,63010,964,65303
27-05-2020,Kerala,65099,1004,67961
28-05-2020,Kerala,67677,1089,70622
29-05-2020,Kerala,71083,1151,74214
30-05-2020,Kerala,73775,1209,77257
31-05-2020,Kerala,75697,1270,77508
01-06-2020,Kerala,78310,1327,82449
02-06-2020,Kerala,81157,1413,86169
03-06-2020,Kerala,84870,1495,95348
04-06-2020,Kerala,87403,1589,99692
05-06-2020,Kerala,92818,1700,104045
06-06-2020,Kerala,97114,1808,107796
07-06-2020,Kerala,100319,1915,111930
08-06-2020,Kerala,103472,2006,113956
09-06-2020,Kerala,111892,2097,126088
10-06-2020,Kerala,116425,2162,131006
11-06-2020,Kerala,130857,2245,135974
12-06-2020,Kerala,134743,2323,140457
13-06-2020,Kerala,,2408,144842
14-06-2020,Kerala,,2462,149164
13-04-2020,Ladakh,,17,618
14-04-2020,Ladakh,615,17,760
15-04-2020,Ladakh,657,18,820
16-04-2020,Ladakh,695,18,917
19-04-2020,Ladakh,797,18,991
21-04-2020,Ladakh,896,18,1137
29-04-2020,Ladakh,1299,22,1949
30-04-2020,Ladakh,1384,22,2245
01-05-2020,Ladakh,1545,22,2430
02-05-2020,Ladakh,1618,23,2434
03-05-2020,Ladakh,1674,41,2434
04-05-2020,Ladakh,1879,41,2639
09-05-2020,Ladakh,2948,42,3503
13-05-2020,Ladakh,3353,43,3683
16-05-2020,Ladakh,3571,43,4067
18-05-2020,Ladakh,3791,43,4219
19-05-2020,Ladakh,3935,43,4730
21-05-2020,Ladakh,4081,44,5291
22-05-2020,Ladakh,4173,44,5505
23-05-2020,Ladakh,4505,49,5727
24-05-2020,Ladakh,4733,52,5730
25-05-2020,Ladakh,4894,53,5896
30-05-2020,Ladakh,6145,74,7354
31-05-2020,Ladakh,6167,77,7354
02-06-2020,Ladakh,6465,81,8310
05-06-2020,Ladakh,7204,97,9754
06-06-2020,Ladakh,7214,99,10164
09-06-2020,Ladakh,7888,108,10249
11-06-2020,Ladakh,8222,135,10855
12-06-2020,Ladakh,8460,239,10986
13-06-2020,Ladakh,8814,437,11135
14-06-2020,Ladakh,9087,539,11135
05-04-2020,Madhya Pradesh,1954,193,2812
07-04-2020,Madhya Pradesh,3125,290,3770
08-04-2020,Madhya Pradesh,3443,341,4056
09-04-2020,Madhya Pradesh,3989,411,5135
10-04-2020,Madhya Pradesh,4840,451,7049
11-04-2020,Madhya Pradesh,5790,529,8516
12-04-2020,Madhya Pradesh,6875,562,10481
13-04-2020,Madhya Pradesh,6875,614,10481
14-04-2020,Madhya Pradesh,7103,741,8105
15-04-2020,Madhya Pradesh,8658,938,9596
16-04-2020,Madhya Pradesh,12326,1164,13492
17-04-2020,Madhya Pradesh,13992,1310,15302
18-04-2020,Madhya Pradesh,13576,1402,14978
19-04-2020,Madhya Pradesh,16428,1407,17835
20-04-2020,Madhya Pradesh,17657,1485,19142
21-04-2020,Madhya Pradesh,19353,1552,20905
22-04-2020,Madhya Pradesh,21077,1587,22664
23-04-2020,Madhya Pradesh,22861,1687,24548
24-04-2020,Madhya Pradesh,24387,1846,26233
25-04-2020,Madhya Pradesh,25921,1945,27866
26-04-2020,Madhya Pradesh,21716,2090,25232
27-04-2020,Madhya Pradesh,23500,2165,27009
28-04-2020,Madhya Pradesh,26159,2387,31060
29-04-2020,Madhya Pradesh,29261,2560,33837
30-04-2020,Madhya Pradesh,29816,2625,41712
01-05-2020,Madhya Pradesh,39353,2715,44116
02-05-2020,Madhya Pradesh,41460,2788,46578
03-05-2020,Madhya Pradesh,43937,2837,49186
04-05-2020,Madhya Pradesh,46634,2942,52095
05-05-2020,Madhya Pradesh,48931,3049,54595
06-05-2020,Madhya Pradesh,51479,3138,54595
07-05-2020,Madhya Pradesh,55002,3252,61020
08-05-2020,Madhya Pradesh,57528,3341,63705
09-05-2020,Madhya Pradesh,61629,3457,68010
10-05-2020,Madhya Pradesh,65436,3614,72069
11-05-2020,Madhya Pradesh,69187,3785,76039
12-05-2020,Madhya Pradesh,73761,3986,80885
13-05-2020,Madhya Pradesh,77738,4173,85903
14-05-2020,Madhya Pradesh,82028,4426,89760
15-05-2020,Madhya Pradesh,85879,4595,93849
16-05-2020,Madhya Pradesh,91393,4790,99677
17-05-2020,Madhya Pradesh,95355,4977,103898
18-05-2020,Madhya Pradesh,100469,5236,112168
19-05-2020,Madhya Pradesh,104348,5465,116473
20-05-2020,Madhya Pradesh,108744,5735,120737
21-05-2020,Madhya Pradesh,112947,5981,125608
22-05-2020,Madhya Pradesh,116835,6170,129060
23-05-2020,Madhya Pradesh,121033,6371,132769
24-05-2020,Madhya Pradesh,124549,6665,135889
25-05-2020,Madhya Pradesh,128267,6859,138584
26-05-2020,Madhya Pradesh,131415,7024,141508
27-05-2020,Madhya Pradesh,134774,7261,146144
28-05-2020,Madhya Pradesh,138387,7453,151182
29-05-2020,Madhya Pradesh,142383,7645,155436
30-05-2020,Madhya Pradesh,146616,7891,161552
31-05-2020,Madhya Pradesh,151793,8089,167808
01-06-2020,Madhya Pradesh,157790,8283,172019
02-06-2020,Madhya Pradesh,163100,8420,177481
03-06-2020,Madhya Pradesh,168219,8588,183662
04-06-2020,Madhya Pradesh,173392,8762,189252
05-06-2020,Madhya Pradesh,179234,8996,195249
06-06-2020,Madhya Pradesh,184202,9228,200913
07-06-2020,Madhya Pradesh,190155,9401,208514
08-06-2020,Madhya Pradesh,196497,9638,215194
09-06-2020,Madhya Pradesh,203131,9849,220936
10-06-2020,Madhya Pradesh,210081,10049,228042
11-06-2020,Madhya Pradesh,217860,10241,233740
12-06-2020,Madhya Pradesh,224064,10443,241461
13-06-2020,Madhya Pradesh,231123,10641,246973
14-06-2020,Madhya Pradesh,236649,10802,252762
05-04-2020,Maharashtra,14837,,16008
06-04-2020,Maharashtra,15808,868,17563
07-04-2020,Maharashtra,19290,1018,20877
09-04-2020,Maharashtra,19290,868,20877
10-04-2020,Maharashtra,28865,1135,30000
11-04-2020,Maharashtra,30477,1761,31841
12-04-2020,Maharashtra,34094,1761,35668
13-04-2020,Maharashtra,37964,1996,39725
14-04-2020,Maharashtra,39089,2340,41071
15-04-2020,Maharashtra,42808,2690,45142
16-04-2020,Maharashtra,48198,2916,50882
17-04-2020,Maharashtra,52762,3204,55678
18-04-2020,Maharashtra,56964,3323,60166
19-04-2020,Maharashtra,63476,3651,66796
20-04-2020,Maharashtra,67673,4204,71321
21-04-2020,Maharashtra,71638,4676,75838
22-04-2020,Maharashtra,77638,5229,82304
23-04-2020,Maharashtra,83979,5218,89197
24-04-2020,Maharashtra,89561,6427,95210
25-04-2020,Maharashtra,94485,6817,100912
26-04-2020,Maharashtra,101162,7928,107979
27-04-2020,Maharashtra,107519,8068,115147
28-04-2020,Maharashtra,112552,8590,120620
29-04-2020,Maharashtra,120136,9318,128726
30-04-2020,Maharashtra,126376,9915,135694
01-05-2020,Maharashtra,134244,10498,144159
02-05-2020,Maharashtra,140587,11506,151085
03-05-2020,Maharashtra,148248,12296,159754
04-05-2020,Maharashtra,156078,12974,168374
05-05-2020,Maharashtra,162349,14541,175323
06-05-2020,Maharashtra,167205,15525,181746
07-05-2020,Maharashtra,173838,16758,189220
08-05-2020,Maharashtra,183862,17974,200477
09-05-2020,Maharashtra,192197,19063,210174
10-05-2020,Maharashtra,206481,20228,225524
11-05-2020,Maharashtra,193457,23401,218914
12-05-2020,Maharashtra,196165,23401,222284
13-05-2020,Maharashtra,203536,24427,231061
14-05-2020,Maharashtra,211082,25922,240482
15-05-2020,Maharashtra,219635,27524,250898
16-05-2020,Maharashtra,228956,29100,261815
17-05-2020,Maharashtra,238476,30706,274040
18-05-2020,Maharashtra,245512,33053,282437
19-05-2020,Maharashtra,255065,35058,294272
20-05-2020,Maharashtra,265872,37136,307535
21-05-2020,Maharashtra,276369,39297,319921
22-05-2020,Maharashtra,286157,41642,333087
23-05-2020,Maharashtra,299107,44582,348932
24-05-2020,Maharashtra,310565,47190,363470
25-05-2020,Maharashtra,323937,50231,379185
26-05-2020,Maharashtra,333468,52667,390757
27-05-2020,Maharashtra,345151,54758,405020
28-05-2020,Maharashtra,358253,56948,420473
29-05-2020,Maharashtra,369442,59546,434565
30-05-2020,Maharashtra,380425,62228,448661
31-05-2020,Maharashtra,392516,65168,463177
01-06-2020,Maharashtra,399419,67655,472344
02-06-2020,Maharashtra,409178,70013,484784
03-06-2020,Maharashtra,420644,72300,498577
04-06-2020,Maharashtra,430100,74860,511136
05-06-2020,Maharashtra,440445,77793,524002
06-06-2020,Maharashtra,451764,80229,538009
07-06-2020,Maharashtra,463723,82968,553063
08-06-2020,Maharashtra,473588,85975,565290
09-06-2020,Maharashtra,485144,88528,579294
10-06-2020,Maharashtra,497990,90787,595282
11-06-2020,Maharashtra,509990,94041,610790
12-06-2020,Maharashtra,521942,97648,626521
13-06-2020,Maharashtra,535252,101141,643057
14-06-2020,Maharashtra,548250,104568,659481
14-04-2020,Manipur,,2,276
17-04-2020,Manipur,,2,311
24-04-2020,Manipur,,2,402
25-04-2020,Manipur,,2,416
30-04-2020,Manipur,,2,459
01-05-2020,Manipur,,2,461
02-05-2020,Manipur,,2,468
04-05-2020,Manipur,,2,571
07-05-2020,Manipur,,2,684
08-05-2020,Manipur,,2,756
09-05-2020,Manipur,,2,865
10-05-2020,Manipur,,2,1096
11-05-2020,Manipur,,2,1337
13-05-2020,Manipur,,2,1706
15-05-2020,Manipur,,3,1799
16-05-2020,Manipur,,4,1900
18-05-2020,Manipur,,7,2483
20-05-2020,Manipur,,20,3087
22-05-2020,Manipur,,26,3721
23-05-2020,Manipur,,29,4094
25-05-2020,Manipur,,36,5041
26-05-2020,Manipur,,39,6233
27-05-2020,Manipur,,44,6836
28-05-2020,Manipur,,55,7758
29-05-2020,Manipur,,59,8596
03-06-2020,Manipur,,118,12454
05-06-2020,Manipur,,132,14629
07-06-2020,Manipur,,172,17028
09-06-2020,Manipur,,304,18612
10-06-2020,Manipur,,311,19756
11-06-2020,Manipur,,366,20528
13-06-2020,Manipur,,449,24046
16-04-2020,Meghalaya,299,7,552
17-04-2020,Meghalaya,541,9,617
18-04-2020,Meghalaya,667,11,738
19-04-2020,Meghalaya,678,11,766
20-04-2020,Meghalaya,714,11,838
21-04-2020,Meghalaya,821,12,933
22-04-2020,Meghalaya,904,12,1046
23-04-2020,Meghalaya,1000,12,1109
24-04-2020,Meghalaya,1048,12,1130
25-04-2020,Meghalaya,1097,12,1169
27-04-2020,Meghalaya,1182,12,1254
28-04-2020,Meghalaya,1202,12,1382
29-04-2020,Meghalaya,1288,12,1397
30-04-2020,Meghalaya,1433,12,1595
02-05-2020,Meghalaya,1655,12,1707
04-05-2020,Meghalaya,1782,12,1884
05-05-2020,Meghalaya,1822,12,1944
07-05-2020,Meghalaya,1967,12,2054
09-05-2020,Meghalaya,2178,12,2287
10-05-2020,Meghalaya,2178,13,2287
11-05-2020,Meghalaya,2342,13,2480
15-05-2020,Meghalaya,2597,13,2712
18-05-2020,Meghalaya,,13,2896
19-05-2020,Meghalaya,,13,3104
20-05-2020,Meghalaya,,13,3419
22-05-2020,Meghalaya,,14,3682
26-05-2020,Meghalaya,5599,15,6553
27-05-2020,Meghalaya,,20,6685
31-05-2020,Meghalaya,,27,7781
01-06-2020,Meghalaya,,27,8127
02-06-2020,Meghalaya,,28,8734
03-06-2020,Meghalaya,,28,9025
04-06-2020,Meghalaya,,31,9395
05-06-2020,Meghalaya,,31,9592
06-06-2020,Meghalaya,,33,10066
07-06-2020,Meghalaya,,33,10066
08-06-2020,Meghalaya,,36,10746
09-06-2020,Meghalaya,,40,11247
10-06-2020,Meghalaya,,44,11505
11-06-2020,Meghalaya,,44,11889
12-06-2020,Meghalaya,,44,12219
13-06-2020,Meghalaya,,44,12560
06-04-2020,Mizoram,0,1,58
07-04-2020,Mizoram,0,1,58
08-04-2020,Mizoram,,1,74
09-04-2020,Mizoram,,1,84
12-04-2020,Mizoram,,1,87
13-04-2020,Mizoram,,1,89
14-04-2020,Mizoram,,1,91
15-04-2020,Mizoram,,1,94
16-04-2020,Mizoram,,1,94
18-04-2020,Mizoram,,1,102
19-04-2020,Mizoram,,1,116
20-04-2020,Mizoram,,1,132
21-04-2020,Mizoram,,1,135
22-04-2020,Mizoram,,1,135
23-04-2020,Mizoram,,1,137
26-04-2020,Mizoram,,1,146
27-04-2020,Mizoram,,1,146
28-04-2020,Mizoram,,1,158
29-04-2020,Mizoram,,1,179
30-04-2020,Mizoram,,1,180
01-05-2020,Mizoram,,1,180
02-05-2020,Mizoram,,1,183
03-05-2020,Mizoram,,1,183
04-05-2020,Mizoram,,1,183
05-05-2020,Mizoram,,1,188
06-05-2020,Mizoram,,1,195
07-05-2020,Mizoram,,1,197
08-05-2020,Mizoram,,1,199
09-05-2020,Mizoram,,1,201
10-05-2020,Mizoram,,1,201
11-05-2020,Mizoram,,1,206
12-05-2020,Mizoram,,1,224
13-05-2020,Mizoram,,1,224
14-05-2020,Mizoram,,1,273
15-05-2020,Mizoram,,1,273
16-05-2020,Mizoram,,1,282
17-05-2020,Mizoram,,1,282
18-05-2020,Mizoram,,1,301
19-05-2020,Mizoram,,1,313
20-05-2020,Mizoram,,1,315
21-05-2020,Mizoram,,1,320
22-05-2020,Mizoram,,1,324
23-05-2020,Mizoram,,1,336
24-05-2020,Mizoram,,1,342
25-05-2020,Mizoram,,1,359
26-05-2020,Mizoram,,1,438
28-05-2020,Mizoram,,1,516
29-05-2020,Mizoram,,1,529
30-05-2020,Mizoram,,1,686
31-05-2020,Mizoram,,1,777
01-06-2020,Mizoram,,1,896
02-06-2020,Mizoram,,13,1012
03-06-2020,Mizoram,,14,1095
04-06-2020,Mizoram,,17,1346
05-06-2020,Mizoram,,22,1687
06-06-2020,Mizoram,,24,1991
07-06-2020,Mizoram,,34,2252
08-06-2020,Mizoram,,42,2496
09-06-2020,Mizoram,,88,2747
10-06-2020,Mizoram,,102,2747
11-06-2020,Mizoram,,104,3152
13-06-2020,Mizoram,,107,3727
14-06-2020,Mizoram,,112,4327
06-04-2020,Nagaland,47,0,60
10-04-2020,Nagaland,69,0,70
11-04-2020,Nagaland,70,0,70
12-04-2020,Nagaland,70,0,74
14-04-2020,Nagaland,97,0,174
15-04-2020,Nagaland,174,0,184
17-04-2020,Nagaland,222,0,274
18-04-2020,Nagaland,292,0,392
19-04-2020,Nagaland,345,0,404
20-04-2020,Nagaland,404,0,434
21-04-2020,Nagaland,456,0,537
22-04-2020,Nagaland,481,0,543
23-04-2020,Nagaland,543,0,607
25-04-2020,Nagaland,607,0,613
26-04-2020,Nagaland,613,0,613
27-04-2020,Nagaland,613,0,629
28-04-2020,Nagaland,620,0,639
29-04-2020,Nagaland,631,0,644
30-04-2020,Nagaland,640,0,653
01-05-2020,Nagaland,650,0,664
02-05-2020,Nagaland,661,0,674
03-05-2020,Nagaland,663,0,684
04-05-2020,Nagaland,679,0,708
05-05-2020,Nagaland,771,0,724
06-05-2020,Nagaland,712,0,763
07-05-2020,Nagaland,728,0,786
08-05-2020,Nagaland,775,0,805
09-05-2020,Nagaland,786,0,848
10-05-2020,Nagaland,806,0,862
11-05-2020,Nagaland,848,0,875
12-05-2020,Nagaland,872,0,882
13-05-2020,Nagaland,872,0,889
14-05-2020,Nagaland,873,0,891
15-05-2020,Nagaland,889,0,910
16-05-2020,Nagaland,891,0,917
17-05-2020,Nagaland,914,0,952
18-05-2020,Nagaland,914,0,961
19-05-2020,Nagaland,948,0,978
20-05-2020,Nagaland,952,0,985
21-05-2020,Nagaland,978,0,1001
22-05-2020,Nagaland,1012,0,1035
23-05-2020,Nagaland,1015,0,1065
24-05-2020,Nagaland,1032,0,1097
25-05-2020,Nagaland,1078,3,1366
26-05-2020,Nagaland,1080,4,1366
27-05-2020,Nagaland,1224,9,1554
28-05-2020,Nagaland,1317,18,1765
29-05-2020,Nagaland,1409,25,1997
30-05-2020,Nagaland,1496,36,2210
31-05-2020,Nagaland,1596,43,2576
01-06-2020,Nagaland,1744,43,2870
02-06-2020,Nagaland,1836,49,3257
03-06-2020,Nagaland,2002,58,3414
04-06-2020,Nagaland,2151,80,3739
05-06-2020,Nagaland,2372,94,3974
06-06-2020,Nagaland,2614,107,4061
07-06-2020,Nagaland,2956,118,4371
08-06-2020,Nagaland,3176,123,4729
09-06-2020,Nagaland,3512,127,4896
10-06-2020,Nagaland,3867,128,5220
11-06-2020,Nagaland,4198,130,5667
12-06-2020,Nagaland,4593,156,6104
13-06-2020,Nagaland,4904,163,6466
14-06-2020,Nagaland,5155,168,6478
03-04-2020,Odisha,1108,20,1395
07-04-2020,Odisha,,42,2441
08-04-2020,Odisha,2399,42,2441
09-04-2020,Odisha,3201,48,3249
10-04-2020,Odisha,3497,50,3547
11-04-2020,Odisha,3497,51,3551
12-04-2020,Odisha,3808,54,3862
13-04-2020,Odisha,4116,54,4170
14-04-2020,Odisha,4678,56,4734
15-04-2020,Odisha,5477,60,5537
16-04-2020,Odisha,6674,60,6734
17-04-2020,Odisha,7517,60,7577
18-04-2020,Odisha,8559,60,8619
19-04-2020,Odisha,9629,61,9690
20-04-2020,Odisha,,68,10641
21-04-2020,Odisha,,79,11748
22-04-2020,Odisha,,83,13775
23-04-2020,Odisha,,89,15984
24-04-2020,Odisha,,94,18458
25-04-2020,Odisha,,94,20599
26-04-2020,Odisha,,103,22816
27-04-2020,Odisha,,111,25103
28-04-2020,Odisha,,118,26687
29-04-2020,Odisha,,122,29108
30-04-2020,Odisha,,142,31696
01-05-2020,Odisha,,149,34133
02-05-2020,Odisha,,157,36593
03-05-2020,Odisha,,162,38658
04-05-2020,Odisha,,169,41128
05-05-2020,Odisha,,170,44663
06-05-2020,Odisha,,185,47454
07-05-2020,Odisha,,209,50514
08-05-2020,Odisha,,271,52974
09-05-2020,Odisha,,294,56322
10-05-2020,Odisha,,362,59780
11-05-2020,Odisha,,414,63478
12-05-2020,Odisha,,437,68057
13-05-2020,Odisha,,538,72756
14-05-2020,Odisha,,611,77150
15-05-2020,Odisha,,672,81919
16-05-2020,Odisha,,737,86140
17-05-2020,Odisha,,828,91223
18-05-2020,Odisha,,876,95766
19-05-2020,Odisha,,978,100302
20-05-2020,Odisha,,1052,105914
21-05-2020,Odisha,,1103,108432
22-05-2020,Odisha,,1189,113437
23-05-2020,Odisha,,1269,118446
24-05-2020,Odisha,,1335,123834
25-05-2020,Odisha,,1438,127776
26-05-2020,Odisha,,1517,131595
27-05-2020,Odisha,,1593,136274
28-05-2020,Odisha,,1660,139311
29-05-2020,Odisha,,1723,143570
30-05-2020,Odisha,,1819,147490
31-05-2020,Odisha,,1948,152131
01-06-2020,Odisha,,2104,155690
02-06-2020,Odisha,,2245,159567
03-06-2020,Odisha,,2388,162891
04-06-2020,Odisha,,2478,165824
05-06-2020,Odisha,,2608,169010
06-06-2020,Odisha,,2781,172598
07-06-2020,Odisha,,2856,176098
08-06-2020,Odisha,,2994,179415
09-06-2020,Odisha,,3140,182384
10-06-2020,Odisha,,3250,185401
11-06-2020,Odisha,,3386,188743
12-06-2020,Odisha,,3477,192576
13-06-2020,Odisha,,3723,196456
14-06-2020,Odisha,,3909,200014
15-06-2020,Odisha,,4055,202513
18-04-2020,Puducherry,1159,7,1207
19-04-2020,Puducherry,1214,7,1245
20-04-2020,Puducherry,1232,7,1272
21-04-2020,Puducherry,1272,7,1319
22-04-2020,Puducherry,1354,7,1473
23-04-2020,Puducherry,1513,7,1548
24-04-2020,Puducherry,1657,7,1704
25-04-2020,Puducherry,1793,8,1864
26-04-2020,Puducherry,1902,8,1977
27-04-2020,Puducherry,1942,8,2014
28-04-2020,Puducherry,2099,8,2156
29-04-2020,Puducherry,2150,8,2228
30-04-2020,Puducherry,2292,8,2353
01-05-2020,Puducherry,2583,9,2698
02-05-2020,Puducherry,2902,12,2990
03-05-2020,Puducherry,3097,12,3155
04-05-2020,Puducherry,3220,12,3281
05-05-2020,Puducherry,3444,12,3560
06-05-2020,Puducherry,3554,12,3641
07-05-2020,Puducherry,3766,13,3866
08-05-2020,Puducherry,3866,15,4111
09-05-2020,Puducherry,4028,16,4266
10-05-2020,Puducherry,4273,17,4364
11-05-2020,Puducherry,4416,17,4486
13-05-2020,Puducherry,4832,18,4919
14-05-2020,Puducherry,4963,18,5112
15-05-2020,Puducherry,5162,21,5312
16-05-2020,Puducherry,5320,22,5484
17-05-2020,Puducherry,5501,22,5619
18-05-2020,Puducherry,5709,22,5754
19-05-2020,Puducherry,5762,22,5829
20-05-2020,Puducherry,5889,24,5960
21-05-2020,Puducherry,5995,31,6106
22-05-2020,Puducherry,6143,32,6233
23-05-2020,Puducherry,6254,39,6349
24-05-2020,Puducherry,6444,45,6536
25-05-2020,Puducherry,6537,47,6606
26-05-2020,Puducherry,6593,52,6677
27-05-2020,Puducherry,6711,60,6808
28-05-2020,Puducherry,6286,61,6917
29-05-2020,Puducherry,6910,65,7043
30-05-2020,Puducherry,7004,71,7164
31-05-2020,Puducherry,7116,81,7255
01-06-2020,Puducherry,7198,81,7354
02-06-2020,Puducherry,7339,91,7444
03-06-2020,Puducherry,7447,98,7576
04-06-2020,Puducherry,7647,109,7794
05-06-2020,Puducherry,7791,115,7963
06-06-2020,Puducherry,7968,118,8118
07-06-2020,Puducherry,8112,130,8274
08-06-2020,Puducherry,8293,139,8472
09-06-2020,Puducherry,8548,143,8752
10-06-2020,Puducherry,8712,156,8954
11-06-2020,Puducherry,8979,168,9250
12-06-2020,Puducherry,9351,175,9658
13-06-2020,Puducherry,9636,193,10008
02-04-2020,Punjab,1236,37,1434
08-04-2020,Punjab,2614,106,2937
09-04-2020,Punjab,2777,130,3192
10-04-2020,Punjab,2972,151,3461
11-04-2020,Punjab,3249,158,3909
12-04-2020,Punjab,3590,170,4281
13-04-2020,Punjab,3858,176,4480
14-04-2020,Punjab,4047,184,4844
15-04-2020,Punjab,4404,186,5193
16-04-2020,Punjab,4727,197,5524
17-04-2020,Punjab,5113,211,5988
18-04-2020,Punjab,5354,234,6167
19-04-2020,Punjab,5949,244,6607
20-04-2020,Punjab,6273,245,6797
21-04-2020,Punjab,6769,251,7355
22-04-2020,Punjab,7100,257,7887
23-04-2020,Punjab,7433,283,8757
24-04-2020,Punjab,8310,298,10611
25-04-2020,Punjab,9392,308,13270
26-04-2020,Punjab,10497,322,14317
27-04-2020,Punjab,12333,330,15516
28-04-2020,Punjab,13966,342,17021
29-04-2020,Punjab,15690,375,18670
30-04-2020,Punjab,17286,480,21205
01-05-2020,Punjab,18222,585,23176
02-05-2020,Punjab,19316,772,24868
03-05-2020,Punjab,20197,1102,26439
04-05-2020,Punjab,21295,1232,28545
05-05-2020,Punjab,23352,1451,30199
06-05-2020,Punjab,24303,1526,32060
07-05-2020,Punjab,28933,1644,34701
08-05-2020,Punjab,31219,1731,37950
09-05-2020,Punjab,33639,1762,39462
10-05-2020,Punjab,35293,1823,40962
11-05-2020,Punjab,37993,1877,42306
12-05-2020,Punjab,39060,1914,43999
13-05-2020,Punjab,40637,1924,46026
14-05-2020,Punjab,42425,1935,47408
15-05-2020,Punjab,44319,1932,49301
16-05-2020,Punjab,46028,1946,50613
17-05-2020,Punjab,47484,1964,51812
18-05-2020,Punjab,48813,1980,52955
19-05-2020,Punjab,50070,2002,55634
20-05-2020,Punjab,51956,2005,57737
21-05-2020,Punjab,53871,2028,59618
22-05-2020,Punjab,55777,2029,62399
23-05-2020,Punjab,57899,2045,63567
24-05-2020,Punjab,60114,2060,66142
25-05-2020,Punjab,62686,2081,67213
26-05-2020,Punjab,64160,2106,69818
27-05-2020,Punjab,66417,2139,72468
28-05-2020,Punjab,67325,2158,72468
29-05-2020,Punjab,,2197,81021
30-05-2020,Punjab,,2233,84497
31-05-2020,Punjab,,2263,87852
01-06-2020,Punjab,,2301,91113
02-06-2020,Punjab,,2342,96329
03-06-2020,Punjab,,2376,101036
04-06-2020,Punjab,,2415,106933
05-06-2020,Punjab,,2461,113542
06-06-2020,Punjab,,2515,115974
07-06-2020,Punjab,,2608,124266
08-06-2020,Punjab,,2663,129821
09-06-2020,Punjab,,2719,136343
10-06-2020,Punjab,,2805,144467
11-06-2020,Punjab,,2887,154498
12-06-2020,Punjab,,2986,165548
13-06-2020,Punjab,,3063,176533
14-06-2020,Punjab,,3140,182225
05-04-2020,Rajasthan,11439,260,12279
07-04-2020,Rajasthan,16401,363,17638
08-04-2020,Rajasthan,16401,363,17638
09-04-2020,Rajasthan,17851,463,19107
10-04-2020,Rajasthan,20698,561,22349
11-04-2020,Rajasthan,22583,678,24857
12-04-2020,Rajasthan,25105,796,28505
13-04-2020,Rajasthan,28657,847,31804
14-04-2020,Rajasthan,29376,1005,34928
15-04-2020,Rajasthan,31902,1076,37860
16-04-2020,Rajasthan,33739,1101,40778
17-04-2020,Rajasthan,36153,1229,42847
18-04-2020,Rajasthan,39092,1282,47197
19-04-2020,Rajasthan,43537,1478,51614
20-04-2020,Rajasthan,47657,1576,57290
21-04-2020,Rajasthan,54100,1735,61492
22-04-2020,Rajasthan,58552,1888,66257
23-04-2020,Rajasthan,63485,1964,69764
24-04-2020,Rajasthan,68133,2034,74484
25-04-2020,Rajasthan,71806,2083,78993
26-04-2020,Rajasthan,75670,2185,82942
27-04-2020,Rajasthan,80830,2262,87777
28-04-2020,Rajasthan,85834,2364,92506
29-04-2020,Rajasthan,90108,2438,97790
30-04-2020,Rajasthan,,2584,103704
01-05-2020,Rajasthan,100277,2666,108543
02-05-2020,Rajasthan,104705,2720,113934
03-05-2020,Rajasthan,112345,2886,120240
04-05-2020,Rajasthan,122513,3061,129258
05-05-2020,Rajasthan,128297,3158,134987
06-05-2020,Rajasthan,134172,3317,139580
07-05-2020,Rajasthan,139830,3427,145510
08-05-2020,Rajasthan,146198,3579,152245
09-05-2020,Rajasthan,152296,3708,159157
10-05-2020,Rajasthan,158830,3814,166424
11-05-2020,Rajasthan,168546,3988,176130
12-05-2020,Rajasthan,,4126,185610
13-05-2020,Rajasthan,186125,4328,194683
14-05-2020,Rajasthan,197269,4534,204243
15-05-2020,Rajasthan,203770,4747,212317
16-05-2020,Rajasthan,213395,4960,221439
17-05-2020,Rajasthan,221764,5202,231946
18-05-2020,Rajasthan,234165,5375,243476
19-05-2020,Rajasthan,244955,5845,254533
20-05-2020,Rajasthan,254128,6015,265555
21-05-2020,Rajasthan,266687,6227,275974
22-05-2020,Rajasthan,277744,6494,287164
23-05-2020,Rajasthan,292384,6657,303935
24-05-2020,Rajasthan,306209,7028,317067
25-05-2020,Rajasthan,318146,7300,327836
26-05-2020,Rajasthan,326368,7536,337159
27-05-2020,Rajasthan,338611,7816,350600
28-05-2020,Rajasthan,351861,8067,365556
29-05-2020,Rajasthan,365925,8365,379315
30-05-2020,Rajasthan,382315,8617,395490
31-05-2020,Rajasthan,396789,8831,409777
01-06-2020,Rajasthan,411965,9100,425184
02-06-2020,Rajasthan,428471,9373,440789
03-06-2020,Rajasthan,440850,9652,454788
04-06-2020,Rajasthan,451826,9862,467129
05-06-2020,Rajasthan,465349,10084,480910
06-06-2020,Rajasthan,478366,10337,494480
07-06-2020,Rajasthan,491233,10599,506784
08-06-2020,Rajasthan,503208,10876,518350
09-06-2020,Rajasthan,515872,11245,530031
10-06-2020,Rajasthan,527864,11600,543312
11-06-2020,Rajasthan,542256,11838,558064
12-06-2020,Rajasthan,556040,12068,571543
13-06-2020,Rajasthan,569314,12401,584954
14-06-2020,Rajasthan,583279,12694,598920
04-05-2020,Sikkim,169,0,170
05-05-2020,Sikkim,171,0,181
06-05-2020,Sikkim,189,0,189
07-05-2020,Sikkim,207,0,216
08-05-2020,Sikkim,214,0,216
09-05-2020,Sikkim,219,0,219
10-05-2020,Sikkim,219,0,219
11-05-2020,Sikkim,219,0,219
12-05-2020,Sikkim,229,0,348
13-05-2020,Sikkim,268,0,439
14-05-2020,Sikkim,292,0,579
15-05-2020,Sikkim,229,0,348
16-05-2020,Sikkim,424,0,840
17-05-2020,Sikkim,449,0,947
18-05-2020,Sikkim,536,0,1087
19-05-2020,Sikkim,827,0,1204
20-05-2020,Sikkim,955,0,1342
22-05-2020,Sikkim,1347,0,1637
23-05-2020,Sikkim,1398,0,1707
24-05-2020,Sikkim,1471,1,1855
25-05-2020,Sikkim,1508,1,2103
26-05-2020,Sikkim,1508,1,2255
27-05-2020,Sikkim,1665,1,2417
28-05-2020,Sikkim,1801,1,2626
29-05-2020,Sikkim,1880,1,2759
30-05-2020,Sikkim,2015,1,2829
31-05-2020,Sikkim,2173,1,2925
01-06-2020,Sikkim,2601,1,3525
02-06-2020,Sikkim,2857,1,3788
03-06-2020,Sikkim,3062,2,4102
04-06-2020,Sikkim,3894,2,4358
05-06-2020,Sikkim,4143,3,4761
06-06-2020,Sikkim,4273,3,5005
08-06-2020,Sikkim,4953,6,5547
09-06-2020,Sikkim,5508,12,5815
10-06-2020,Sikkim,5850,12,6161
11-06-2020,Sikkim,6063,12,6692
12-06-2020,Sikkim,4830,26,5157
13-06-2020,Sikkim,5029,62,5377
14-06-2020,Sikkim,5177,67,5664
03-04-2020,Tamil Nadu,2789,411,3684
08-04-2020,Tamil Nadu,4414,690,5305
09-04-2020,Tamil Nadu,5824,834,7267
10-04-2020,Tamil Nadu,6838,911,8410
11-04-2020,Tamil Nadu,7779,969,9842
12-04-2020,Tamil Nadu,,1075,10655
13-04-2020,Tamil Nadu,,1173,12746
14-04-2020,Tamil Nadu,13234,1204,19255
15-04-2020,Tamil Nadu,15210,1242,21994
16-04-2020,Tamil Nadu,18743,1267,26005
17-04-2020,Tamil Nadu,21628,1323,29673
18-04-2020,Tamil Nadu,27192,1372,35036
19-04-2020,Tamil Nadu,31853,1477,40876
20-04-2020,Tamil Nadu,38082,1520,46985
21-04-2020,Tamil Nadu,43582,1596,53045
22-04-2020,Tamil Nadu,49506,1629,59023
23-04-2020,Tamil Nadu,56836,1683,65977
24-04-2020,Tamil Nadu,62596,1755,72403
25-04-2020,Tamil Nadu,69390,1821,80110
26-04-2020,Tamil Nadu,77133,1885,87605
27-04-2020,Tamil Nadu,83021,1937,94781
28-04-2020,Tamil Nadu,97908,2058,101874
29-04-2020,Tamil Nadu,105864,2162,109961
30-04-2020,Tamil Nadu,115761,2323,119748
01-05-2020,Tamil Nadu,124852,2526,129363
02-05-2020,Tamil Nadu,135698,2757,139490
03-05-2020,Tamil Nadu,145520,3023,150107
04-05-2020,Tamil Nadu,158558,3550,162970
05-05-2020,Tamil Nadu,170174,4058,174828
06-05-2020,Tamil Nadu,182541,4829,188241
07-05-2020,Tamil Nadu,195831,5409,202436
08-05-2020,Tamil Nadu,209495,6009,216416
09-05-2020,Tamil Nadu,222576,6535,229670
10-05-2020,Tamil Nadu,235157,7204,243037
11-05-2020,Tamil Nadu,245562,8002,254899
12-05-2020,Tamil Nadu,256720,8718,266687
13-05-2020,Tamil Nadu,269758,9227,279467
14-05-2020,Tamil Nadu,281001,9674,291432
15-05-2020,Tamil Nadu,292045,10108,303104
16-05-2020,Tamil Nadu,302523,10585,313639
17-05-2020,Tamil Nadu,315019,11224,326720
18-05-2020,Tamil Nadu,325546,11760,337841
19-05-2020,Tamil Nadu,334839,12448,348174
20-05-2020,Tamil Nadu,346311,13191,360068
21-05-2020,Tamil Nadu,357898,13967,372532
22-05-2020,Tamil Nadu,369929,14735,385185
23-05-2020,Tamil Nadu,381216,15512,397340
24-05-2020,Tamil Nadu,392690,16277,409615
25-05-2020,Tamil Nadu,403762,17082,421450
26-05-2020,Tamil Nadu,413455,17728,431739
27-05-2020,Tamil Nadu,423775,18545,442970
28-05-2020,Tamil Nadu,435279,19372,455216
29-05-2020,Tamil Nadu,445668,20246,466550
30-05-2020,Tamil Nadu,457405,21184,479155
31-05-2020,Tamil Nadu,468940,22333,491962
01-06-2020,Tamil Nadu,479208,23495,503339
02-06-2020,Tamil Nadu,489258,24586,514433
03-06-2020,Tamil Nadu,502173,25872,528534
04-06-2020,Tamil Nadu,517137,27256,544981
05-06-2020,Tamil Nadu,535254,28694,560673
06-06-2020,Tamil Nadu,545896,30152,576695
07-06-2020,Tamil Nadu,560890,31667,592970
08-06-2020,Tamil Nadu,574209,33229,607952
09-06-2020,Tamil Nadu,585678,34914,621171
10-06-2020,Tamil Nadu,601363,36841,638846
11-06-2020,Tamil Nadu,616395,38716,655675
12-06-2020,Tamil Nadu,632656,40698,673906
13-06-2020,Tamil Nadu,648545,42687,691817
14-06-2020,Tamil Nadu,665401,44661,710599
19-04-2020,Telangana,14104,858,14962
28-04-2020,Telangana,,1009,19063
29-04-2020,Telangana,,1016,19278
16-05-2020,Telangana,,1551,23388
11-04-2020,Tripura,335,2,337
15-04-2020,Tripura,,2,738
16-04-2020,Tripura,760,2,762
21-04-2020,Tripura,2602,2,2604
22-04-2020,Tripura,3123,2,3215
01-05-2020,Tripura,4825,3,4828
02-05-2020,Tripura,4950,5,4955
03-05-2020,Tripura,5157,5,5162
04-05-2020,Tripura,5377,17,5394
05-05-2020,Tripura,5820,30,5850
06-05-2020,Tripura,6185,43,6228
07-05-2020,Tripura,6828,89,6917
08-05-2020,Tripura,7359,89,7448
09-05-2020,Tripura,8221,119,8340
10-05-2020,Tripura,8955,136,9091
11-05-2020,Tripura,9442,154,9596
12-05-2020,Tripura,10189,155,10344
13-05-2020,Tripura,10991,155,11146
14-05-2020,Tripura,11648,156,11804
15-05-2020,Tripura,12405,156,12561
16-05-2020,Tripura,13011,167,13178
17-05-2020,Tripura,13583,167,13750
18-05-2020,Tripura,14119,167,14286
19-05-2020,Tripura,14914,169,15083
20-05-2020,Tripura,15694,173,15822
21-05-2020,Tripura,16610,173,16873
22-05-2020,Tripura,17546,175,17721
23-05-2020,Tripura,18546,191,18737
24-05-2020,Tripura,19537,191,19278
25-05-2020,Tripura,20637,198,20871
26-05-2020,Tripura,21840,209,22049
27-05-2020,Tripura,23032,232,23264
28-05-2020,Tripura,23884,242,24126
29-05-2020,Tripura,25159,244,25403
30-05-2020,Tripura,26105,271,26376
31-05-2020,Tripura,27159,316,27475
01-06-2020,Tripura,27937,423,28360
02-06-2020,Tripura,28595,471,29066
03-06-2020,Tripura,29859,622,30481
04-06-2020,Tripura,30492,646,31138
05-06-2020,Tripura,31606,694,32300
06-06-2020,Tripura,32582,749,33331
07-06-2020,Tripura,34461,802,35263
08-06-2020,Tripura,36613,840,37453
09-06-2020,Tripura,37706,866,38572
10-06-2020,Tripura,39130,897,40027
11-06-2020,Tripura,40474,915,41389
12-06-2020,Tripura,39877,960,40837
13-06-2020,Tripura,42930,1042,43972
14-06-2020,Tripura,44940,1075,46015
05-04-2020,Uttar Pradesh,4796,278,5255
05-04-2020,Uttar Pradesh,4796,278,5255
09-04-2020,Uttar Pradesh,7898,410,8402
10-04-2020,Uttar Pradesh,8798,433,9332
11-04-2020,Uttar Pradesh,10012,452,10595
12-04-2020,Uttar Pradesh,11250,483,11855
13-04-2020,Uttar Pradesh,12542,558,13287
14-04-2020,Uttar Pradesh,15134,660,15914
15-04-2020,Uttar Pradesh,18595,727,19506
16-04-2020,Uttar Pradesh,20374,805,21384
17-04-2020,Uttar Pradesh,23648,849,24643
18-04-2020,Uttar Pradesh,27262,974,28484
19-04-2020,Uttar Pradesh,,1100,31767
20-04-2020,Uttar Pradesh,32874,1184,34326
21-04-2020,Uttar Pradesh,36378,1337,37933
22-04-2020,Uttar Pradesh,40263,1449,42192
23-04-2020,Uttar Pradesh,43495,1510,45483
24-04-2020,Uttar Pradesh,51161,1621,53166
25-04-2020,Uttar Pradesh,54216,1793,56851
26-04-2020,Uttar Pradesh,58492,1873,61799
27-04-2020,Uttar Pradesh,64139,1896,67145
28-04-2020,Uttar Pradesh,67266,2053,70307
29-04-2020,Uttar Pradesh,70436,2134,73716
30-04-2020,Uttar Pradesh,74864,2211,78013
01-05-2020,Uttar Pradesh,79091,2328,82459
02-05-2020,Uttar Pradesh,82356,2487,85729
03-05-2020,Uttar Pradesh,91828,2645,95841
04-05-2020,Uttar Pradesh,94682,2766,98300
05-05-2020,Uttar Pradesh,101389,2880,105234
06-05-2020,Uttar Pradesh,106043,2998,109888
07-05-2020,Uttar Pradesh,109628,3071,113670
08-05-2020,Uttar Pradesh,115646,3214,119688
09-05-2020,Uttar Pradesh,120764,3373,124791
10-05-2020,Uttar Pradesh,125696,3467,129955
11-05-2020,Uttar Pradesh,131293,3573,135760
12-05-2020,Uttar Pradesh,135754,3664,140166
13-05-2020,Uttar Pradesh,141068,3578,145637
14-05-2020,Uttar Pradesh,147755,3902,153139
15-05-2020,Uttar Pradesh,153588,4057,159282
16-05-2020,Uttar Pradesh,157001,4258,163105
17-05-2020,Uttar Pradesh,165832,4464,172219
18-05-2020,Uttar Pradesh,170132,4605,176479
19-05-2020,Uttar Pradesh,175412,4926,182184
20-05-2020,Uttar Pradesh,184209,5175,191164
21-05-2020,Uttar Pradesh,199469,5515,206811
22-05-2020,Uttar Pradesh,207079,5735,214060
23-05-2020,Uttar Pradesh,210864,6017,217867
24-05-2020,Uttar Pradesh,222341,6268,229621
25-05-2020,Uttar Pradesh,228173,6497,235622
26-05-2020,Uttar Pradesh,232290,6724,240588
27-05-2020,Uttar Pradesh,239592,6991,240588
28-05-2020,Uttar Pradesh,247747,7170,256267
29-05-2020,Uttar Pradesh,261911,7445,270920
30-05-2020,Uttar Pradesh,270160,7701,279288
31-05-2020,Uttar Pradesh,279569,8075,289892
01-06-2020,Uttar Pradesh,287806,8361,297903
02-06-2020,Uttar Pradesh,296705,8729,307621
03-06-2020,Uttar Pradesh,306672,8870,317780
04-06-2020,Uttar Pradesh,318562,9237,330663
05-06-2020,Uttar Pradesh,332126,9733,344717
06-06-2020,Uttar Pradesh,342360,10103,355085
07-06-2020,Uttar Pradesh,346684,10536,360258
08-06-2020,Uttar Pradesh,366630,10947,380723
09-06-2020,Uttar Pradesh,377667,11335,391286
10-06-2020,Uttar Pradesh,390841,11610,404637
11-06-2020,Uttar Pradesh,405442,12088,420669
12-06-2020,Uttar Pradesh,421499,12619,435601
13-06-2020,Uttar Pradesh,433754,13118,449616
14-06-2020,Uttar Pradesh,442598,13615,467702
02-04-2020,Uttarakhand,554,7,678
07-04-2020,Uttarakhand,1092,32,1289
09-04-2020,Uttarakhand,1235,35,1531
10-04-2020,Uttarakhand,1320,35,1688
11-04-2020,Uttarakhand,1340,35,1705
12-04-2020,Uttarakhand,1452,35,1820
13-04-2020,Uttarakhand,1665,35,1998
14-04-2020,Uttarakhand,1838,35,2174
15-04-2020,Uttarakhand,2022,37,2413
16-04-2020,Uttarakhand,2210,37,2593
17-04-2020,Uttarakhand,2420,40,2831
18-04-2020,Uttarakhand,2710,42,3158
19-04-2020,Uttarakhand,3046,44,3344
20-04-2020,Uttarakhand,3228,46,3677
21-04-2020,Uttarakhand,3445,46,4061
22-04-2020,Uttarakhand,3664,46,4275
23-04-2020,Uttarakhand,3879,47,4473
24-04-2020,Uttarakhand,4239,48,4767
25-04-2020,Uttarakhand,4423,48,5194
26-04-2020,Uttarakhand,4675,50,5277
27-04-2020,Uttarakhand,4912,51,5463
28-04-2020,Uttarakhand,5212,52,5739
29-04-2020,Uttarakhand,5547,54,6046
30-04-2020,Uttarakhand,6100,57,6565
01-05-2020,Uttarakhand,6533,57,7042
02-05-2020,Uttarakhand,6786,59,7369
03-05-2020,Uttarakhand,6986,60,7578
04-05-2020,Uttarakhand,7134,60,7806
05-05-2020,Uttarakhand,7357,61,8060
06-05-2020,Uttarakhand,7698,61,8346
07-05-2020,Uttarakhand,8138,61,8783
08-05-2020,Uttarakhand,8485,61,9116
09-05-2020,Uttarakhand,8659,67,9386
10-05-2020,Uttarakhand,8990,68,9668
11-05-2020,Uttarakhand,9151,68,9915
12-05-2020,Uttarakhand,9390,68,10471
13-05-2020,Uttarakhand,9750,70,10792
14-05-2020,Uttarakhand,10157,75,11294
15-05-2020,Uttarakhand,10523,79,12045
16-05-2020,Uttarakhand,10990,88,12597
17-05-2020,Uttarakhand,11316,92,13212
18-05-2020,Uttarakhand,11812,93,13870
19-05-2020,Uttarakhand,12242,104,14691
20-05-2020,Uttarakhand,12945,120,15503
21-05-2020,Uttarakhand,13808,132,16528
22-05-2020,Uttarakhand,14960,151,18008
23-05-2020,Uttarakhand,15757,173,19248
24-05-2020,Uttarakhand,16640,293,20969
25-05-2020,Uttarakhand,17315,332,22117
26-05-2020,Uttarakhand,18193,400,23076
27-05-2020,Uttarakhand,18645,438,23975
28-05-2020,Uttarakhand,19702,493,25380
29-05-2020,Uttarakhand,20636,602,26951
30-05-2020,Uttarakhand,21512,727,28433
31-05-2020,Uttarakhand,22546,802,30438
01-06-2020,Uttarakhand,23400,929,31703
02-06-2020,Uttarakhand,24262,999,33081
03-06-2020,Uttarakhand,25385,1066,34413
04-06-2020,Uttarakhand,26093,1145,35117
05-06-2020,Uttarakhand,27184,1215,35967
06-06-2020,Uttarakhand,28172,1245,36638
07-06-2020,Uttarakhand,28945,1341,37166
08-06-2020,Uttarakhand,30620,1380,39133
09-06-2020,Uttarakhand,31945,1488,40264
10-06-2020,Uttarakhand,33369,1560,40872
11-06-2020,Uttarakhand,34604,1637,41888
12-06-2020,Uttarakhand,35670,1692,42783
13-06-2020,Uttarakhand,36834,1759,44040
14-06-2020,Uttarakhand,37554,1816,45344
01-04-2020,West Bengal,568,37,659
04-04-2020,West Bengal,,,1042
06-04-2020,West Bengal,,,1301
07-04-2020,West Bengal,,,1487
09-04-2020,West Bengal,,,1889
10-04-2020,West Bengal,,,2095
11-04-2020,West Bengal,,126,2286
12-04-2020,West Bengal,,134,2523
13-04-2020,West Bengal,,152,2793
14-04-2020,West Bengal,,190,3081
15-04-2020,West Bengal,,213,3470
16-04-2020,West Bengal,,231,3811
17-04-2020,West Bengal,,255,4212
18-04-2020,West Bengal,,287,4630
19-04-2020,West Bengal,,310,5045
20-04-2020,West Bengal,,339,5469
21-04-2020,West Bengal,,392,6182
22-04-2020,West Bengal,,423,7037
23-04-2020,West Bengal,,456,7990
24-04-2020,West Bengal,,514,8933
25-04-2020,West Bengal,,571,9880
26-04-2020,West Bengal,,611,10893
27-04-2020,West Bengal,,649,12043
28-04-2020,West Bengal,,697,13223
29-04-2020,West Bengal,,725,14620
30-04-2020,West Bengal,,758,16525
01-05-2020,West Bengal,,,18566
02-05-2020,West Bengal,,795,20976
03-05-2020,West Bengal,,922,22915
04-05-2020,West Bengal,,1259,25116
05-05-2020,West Bengal,,1344,27571
06-05-2020,West Bengal,,1456,30141
07-05-2020,West Bengal,,1548,32752
08-05-2020,West Bengal,,1678,35767
09-05-2020,West Bengal,,1786,39368
10-05-2020,West Bengal,,1939,43414
11-05-2020,West Bengal,,2063,47615
12-05-2020,West Bengal,,2173,52622
13-05-2020,West Bengal,,2290,57632
14-05-2020,West Bengal,,2377,62837
15-05-2020,West Bengal,,2461,69543
16-05-2020,West Bengal,,2576,77288
17-05-2020,West Bengal,,2677,85956
18-05-2020,West Bengal,,2825,93570
19-05-2020,West Bengal,,2961,102282
20-05-2020,West Bengal,,3103,111002
21-05-2020,West Bengal,,3197,115244
22-05-2020,West Bengal,,3332,120599
23-05-2020,West Bengal,,3459,129608
24-05-2020,West Bengal,,3667,138824
25-05-2020,West Bengal,,3816,148049
26-05-2020,West Bengal,,4009,157277
27-05-2020,West Bengal,,4192,166513
28-05-2020,West Bengal,,4536,175769
29-05-2020,West Bengal,,4813,185051
30-05-2020,West Bengal,,5130,194397
31-05-2020,West Bengal,,5501,203751
01-06-2020,West Bengal,,5772,213231
02-06-2020,West Bengal,,6168,222726
03-06-2020,West Bengal,,6508,232225
04-06-2020,West Bengal,,6876,241831
05-06-2020,West Bengal,,7303,251517
06-06-2020,West Bengal,,7738,261288
07-06-2020,West Bengal,,8187,271074
08-06-2020,West Bengal,,8613,280098
09-06-2020,West Bengal,,8985,287900
10-06-2020,West Bengal,,9328,297419
11-06-2020,West Bengal,,9768,306941
12-06-2020,West Bengal,,10244,315699
13-06-2020,West Bengal,,10698,324707
14-06-2020,West Bengal,,11087,333733
